Unnamed: 0,driverId,year,DNF_rate,ref,constructor,constructorRef,position_delta,high_alt_sucess_rate,team_avg_position,dvt,finish_volatility,years_active,top10,avg_finish,races_entered,max_races_in_season,season_fraction,total_points,fv_terciles,dvt_terciles,logit_dnf,logit_top10,Cluster 0,Cluster 1,Cluster 2,Cluster 3,Cluster 4,gmm_cluster,confidence
0,3,2014,0.1578947368421052,rosberg,131,mercedes,-0.8235294117647058,1.0,1.9210526315789471,-0.3166800966962127,2.952917740708502,0,0.9411764705882352,2.5294117647058822,19,19,1.0,317.0,Medium,low,-1.5505974124111674,2.4304184645039286,0.0135760700257423,2.016204030712524,97.97021328287016,6.6163916010427915e-06,1.6062098548438487e-22,2,97.97021328287016
1,18,2014,0.3157894736842105,button,1,mclaren,0.8333333333333339,0.5,8.710526315789474,0.1389728096676737,3.6704525909242065,0,0.7222222222222222,7.5,19,19,1.0,126.0,High,high,-0.7308875085427923,0.9007865453381894,99.67070603774101,0.0007218269896482627,0.12262536684554792,0.2059467684236126,2.164621807933438e-13,0,99.67070603774101
2,4,2014,0.1052631578947368,alonso,6,ferrari,1.1764705882352935,0.5,7.473684210526316,0.2758906379453189,1.8168759072330003,0,1.0,5.411764705882353,19,19,1.0,161.0,Low,high,-1.9459101490553137,3.6635616461296454,27.670832714630674,71.95634437636377,0.37282290900554566,1.158448350883506e-16,4.600948025854687e-50,1,71.95634437636377
3,822,2014,0.1052631578947368,bottas,3,williams,0.2777777777777777,0.5,6.157894736842105,0.0978157644824311,2.650413431528125,0,0.9444444444444444,5.555555555555555,19,19,1.0,186.0,Medium,high,-1.9459101490553137,2.472930458741284,63.61096432063798,8.459882006664825,27.92914738779683,6.284900316361542e-06,3.173458170230908e-29,0,63.61096432063798
4,807,2014,0.2105263157894736,hulkenberg,10,force_india,3.235294117647059,0.0,8.058823529411764,0.0437956204379561,2.2948716709566073,0,0.8823529411764706,7.705882352941177,19,19,1.0,96.0,Low,high,-1.2367626271489274,1.842425326674841,40.35295414171063,59.54194049928233,0.0013183719093340725,0.10378698709758705,7.183443485786057e-14,1,59.54194049928233
5,8,2014,0.3684210526315789,raikkonen,6,ferrari,-0.2777777777777768,0.5,7.473684210526316,-0.226525821596244,2.3392781412696997,0,0.7222222222222222,9.166666666666666,19,19,1.0,55.0,Low,low,-0.5108256237659907,0.9007865453381894,87.16254678953807,0.0060732673501703305,2.0266403151726036,10.803965683071162,0.0007739448680296296,0,87.16254678953807
6,818,2014,0.4736842105263157,vergne,5,toro_rosso,0.7857142857142865,0.0,11.088235294117649,0.053050397877984,2.1957751641342003,0,0.5,10.5,19,19,1.0,22.0,Low,high,-0.1000834585569828,0.0,97.49729249859745,6.771846329322933e-06,2.877260312137718e-05,2.5026260111410585,4.5945812039147114e-05,0,97.49729249859745
7,826,2014,0.6842105263157895,kvyat,5,toro_rosso,0.4285714285714288,0.5,11.088235294117649,-0.0435771125426297,2.094696899802168,0,0.3571428571428571,11.571428571428571,19,19,1.0,8.0,Low,medium,0.7308875085427926,-0.5568107370078144,52.03307468542544,3.2102695554299914e-08,2.1540682330729026e-06,47.59934615811305,0.36757697029061676,0,52.03307468542544
8,815,2014,0.5263157894736842,perez,10,force_india,3.2666666666666657,0.5,8.058823529411764,-0.1002433090024331,2.6549743668986507,0,0.8,8.866666666666667,19,19,1.0,59.0,Medium,low,0.1000834585569826,1.2950456896547458,36.64307771729122,0.39571387323049684,0.0006803276935952991,62.95919324761271,0.0013348341719652836,3,62.95919324761271
9,821,2014,0.9473684210526316,gutierrez,15,sauber,0.9230769230769234,0.5,14.666666666666666,-0.0279720279720279,1.979181589272093,0,0.0,15.076923076923077,19,19,1.0,0.0,Low,medium,2.5123056239761152,-3.6635616461296463,0.04129317266632463,1.0934225770278245e-17,7.586908809399788e-17,0.0496549323166676,99.90905189501699,4,99.90905189501699
10,820,2014,0.9375,chilton,206,marussia,3.384615384615387,0.0,15.964285714285714,-0.0118740320082602,1.9153691689213432,0,0.0,16.153846153846153,16,19,0.8421052631578947,0.0,Low,medium,2.3353749158170363,-3.49650756146648,12.206415230637257,2.2448460886977154e-14,3.629311486653474e-20,0.0008531605404079328,87.7927316088223,4,87.7927316088223
11,828,2014,0.9375,ericsson,207,caterham,3.18181818181818,0.0,16.642857142857142,-0.0323839250877878,2.724240738867581,0,0.0,17.181818181818183,16,19,0.8421052631578947,0.0,Medium,medium,2.3353749158170363,-3.49650756146648,8.336891731625803,2.2510887544354776e-15,1.7618824243170256e-18,0.0007757708822450144,91.66233249749199,4,91.66233249749199
12,20,2014,0.1578947368421052,vettel,9,red_bull,2.4375,0.5,4.444444444444445,-0.1390624999999999,1.7842628029525245,0,1.0,5.0625,19,19,1.0,167.0,Low,low,-1.5505974124111674,3.6635616461296454,0.013905143304620527,99.94414968688918,0.039234854977274906,0.0027103148289234044,1.600591359103807e-23,1,99.94414968688918
13,1,2014,0.1578947368421052,hamilton,131,mercedes,3.25,0.0,1.9210526315789471,0.2517123287671233,0.7043392293490404,0,1.0,1.4375,19,19,1.0,384.0,Low,high,-1.5505974124111674,3.6635616461296454,5.122715956610453e-09,99.99999996081677,3.406048651046995e-08,3.8953884210981144e-34,2.7128334857168354e-88,1,99.99999996081677
14,817,2014,0.1052631578947368,ricciardo,9,red_bull,2.6875,0.0,4.444444444444445,0.15625,1.9525624189766635,0,1.0,3.75,19,19,1.0,238.0,Low,high,-1.9459101490553137,3.6635616461296454,0.00017928384809309824,99.999641037017,0.00017967913489071337,2.7917690917888697e-15,5.547347705131312e-48,1,99.999641037017
15,827,2014,1.0,lotterer,207,caterham,1.0,0.3333333333333333,16.642857142857142,-0.0020833333333332,2.770102775666474,0,0.6,9.944444444444445,1,19,0.0526315789473684,0.0,High,high,1.0986122886681098,0.3865609534690117,54.1115128052744,7.310645138765785e-10,6.066056480335179e-08,37.63237108982367,8.256116043510312,0,54.1115128052744
16,16,2014,0.8947368421052632,sutil,15,sauber,-0.75,0.5,14.666666666666666,0.0,2.6874192494328497,0,0.0,14.666666666666666,19,19,1.0,0.0,Medium,medium,1.9459101490553132,-3.6635616461296463,0.027400067257515655,2.8427799016931184e-19,1.4727994480891013e-12,1.0351369128631316,98.9374630198779,4,98.9374630198779
17,813,2014,0.7894736842105263,maldonado,208,lotus_f1,4.384615384615385,1.0,13.0,-0.0532544378698224,2.3331924443235543,0,0.0769230769230769,13.692307692307692,19,19,1.0,2.0,Low,low,1.2367626271489272,-2.218777135721954,9.538268012702599e-05,2.525664647580129e-10,1.1136218284308815e-18,0.4033177138693676,99.59658690319799,4,99.59658690319799
18,155,2014,0.9375,kobayashi,207,caterham,3.444444444444443,0.0,16.642857142857142,0.0519790176442536,1.9309052441091965,0,0.0,15.77777777777778,16,19,0.8421052631578947,0.0,Low,high,2.3353749158170363,-3.49650756146648,8.703173724233274,3.1435264279871858e-15,2.144294375654535e-21,0.0008370873858054451,91.29598918838091,4,91.29598918838091
19,829,2014,1.0,stevens,207,caterham,0.0,0.3333333333333333,16.642857142857142,-0.0214592274678111,0.0,0,0.0,17.0,1,19,0.0526315789473684,0.0,Low,medium,1.0986122886681098,-1.0986122886681098,99.87010237279245,1.5144596292149145e-13,2.0726181741354752e-14,0.05162669126901095,0.07827093593842743,0,99.87010237279245
20,1,2015,0.0526315789473684,hamilton,131,mercedes,-0.3333333333333335,0.0,2.3947368421052633,0.2808302808302808,1.1928283640879938,1,1.0,1.7222222222222223,19,19,1.0,381.0,Low,high,-2.5123056239761152,3.6635616461296454,1.947166075512309e-07,99.99857768032689,0.0014221249565099495,3.5036654855995495e-36,1.989156398986554e-90,1,99.99857768032689
21,3,2015,0.1052631578947368,rosberg,131,mercedes,-0.9444444444444442,1.0,2.3947368421052633,-0.2759462759462758,3.748662312852742,1,0.9444444444444444,3.0555555555555554,19,19,1.0,322.0,High,low,-1.9459101490553137,2.472930458741284,0.16814498660908794,0.4818451809384348,99.3500091551564,6.772960023693654e-07,3.0657664036319514e-19,2,99.3500091551564
22,20,2015,0.1052631578947368,vettel,6,ferrari,2.111111111111111,0.3333333333333333,3.8333333333333335,0.1304347826086956,2.403700850309326,1,0.9444444444444444,3.3333333333333335,19,19,1.0,278.0,Medium,high,-1.9459101490553137,2.472930458741284,0.036558642511155884,99.87237823526605,0.09106312221443187,8.314892357549327e-12,8.12300895746068e-42,1,99.87237823526605
23,13,2015,0.3157894736842105,massa,3,williams,0.125,0.6666666666666666,6.777777777777778,-0.0604508196721311,4.080728335726356,1,0.8125,7.1875,19,19,1.0,121.0,High,low,-0.7308875085427923,1.366876275262789,86.37588457385557,0.005332575401427389,11.679303973559287,1.9394770143936948,1.8627899879636907e-06,0,86.37588457385557
24,831,2015,0.5789473684210527,nasr,15,sauber,2.75,0.0,11.31578947368421,0.0444767441860465,2.855230945125105,0,0.375,10.8125,19,19,1.0,27.0,Medium,high,0.3022808718729334,-0.4842459859612787,95.01274006015782,1.3721016360210363e-05,1.340293546926863e-07,4.883029850114437,0.10421623468203949,0,95.01274006015782
25,817,2015,0.5789473684210527,ricciardo,9,red_bull,-0.1176470588235307,0.3333333333333333,7.7894736842105265,-0.064785373608903,3.722186357542677,1,0.7647058823529411,8.294117647058824,19,19,1.0,92.0,High,low,0.3022808718729334,1.1064708752806305,84.40046175378961,0.00025147006483184275,1.2236100005625783,14.371389749280445,0.004287026302525783,0,84.40046175378961
26,807,2015,0.6842105263157895,hulkenberg,10,force_india,1.0,1.0,8.305555555555555,-0.055827116027785,3.141627362563406,1,0.6923076923076923,8.76923076923077,19,19,1.0,58.0,Medium,low,0.7308875085427926,0.7661723155748353,5.387407979563847,0.00020394504855971327,0.00145408534730404,94.59941528206156,0.01151870797877829,3,94.59941528206156
27,828,2015,0.7368421052631579,ericsson,15,sauber,2.0625,0.3333333333333333,11.31578947368421,-0.0659883720930232,2.192850599106104,1,0.3125,12.0625,19,19,1.0,9.0,Low,low,0.9694005571881036,-0.7451683653108236,67.33375120487632,1.0052225157093155e-06,7.350465790164601e-09,11.062491006638304,21.603756775912377,0,67.33375120487632
28,832,2015,0.7368421052631579,sainz,5,toro_rosso,1.0,0.0,9.617647058823527,-0.0570846075433231,1.818118685772619,0,0.5833333333333334,10.166666666666666,19,19,1.0,18.0,Low,low,0.9694005571881036,0.3193534162894325,91.75841019660567,6.655560598352742e-05,9.785243844153039e-06,8.239040414399804,0.002473048144678527,0,91.75841019660567
29,815,2015,0.5789473684210527,perez,10,force_india,1.5555555555555554,0.3333333333333333,8.305555555555555,-0.0301003344481605,2.9668955384041533,1,0.6666666666666666,8.555555555555555,19,19,1.0,78.0,Medium,medium,0.3022808718729334,0.6558757857627137,78.89012518497084,0.0028796716077385187,0.003039139496764158,21.103345632566686,0.0006103713580130099,0,78.89012518497084
30,18,2015,0.7368421052631579,button,1,mclaren,2.76923076923077,0.0,12.033333333333331,-0.0036224163647986,3.074999398662567,1,0.3076923076923077,12.076923076923077,19,19,1.0,16.0,Medium,medium,0.9694005571881036,-0.766172315574835,49.00995830156923,6.376884815698473e-07,7.247824749390979e-09,3.424178424424683,47.56586262906982,0,49.00995830156923
31,8,2015,0.3157894736842105,raikkonen,6,ferrari,1.0,0.3333333333333333,3.8333333333333335,-0.248447204968944,1.7799908277681589,1,1.0,4.785714285714286,19,19,1.0,150.0,Low,low,-0.7308875085427923,3.6635616461296454,0.058578324196950984,99.56177207868284,0.3318026826244585,0.04784691449576368,9.374177935299705e-16,1,99.56177207868284
32,830,2015,0.5789473684210527,max_verstappen,5,toro_rosso,1.3999999999999986,1.0,9.617647058823527,-0.0189602446483181,3.7452191747168375,0,0.6666666666666666,9.8,19,19,1.0,49.0,High,medium,0.3022808718729334,0.6558757857627137,1.8586274060024708,1.3890092682598178e-05,0.0006770624678208,98.04940358844748,0.09127805298959081,3,98.04940358844748
33,826,2015,0.5789473684210527,kvyat,9,red_bull,2.25,0.6666666666666666,7.7894736842105265,0.0371621621621621,3.102418411497714,1,0.875,7.5,19,19,1.0,95.0,Medium,high,0.3022808718729334,1.784486709898975,81.84454305177955,0.09590300213243978,0.005092196658455119,18.054461717758937,3.1670618475602796e-08,0,81.84454305177955
34,825,2015,1.0,kevin_magnussen,1,mclaren,1.0,0.3333333333333333,12.033333333333331,-0.0020833333333332,2.770102775666474,1,0.6,9.944444444444445,1,19,0.0526315789473684,0.0,High,high,1.0986122886681098,0.3865609534690117,63.17342519635973,2.28650754759371e-07,1.9284212220246734e-06,35.88956767560738,0.9370049709609378,0,63.17342519635973
35,4,2015,0.8333333333333334,alonso,1,mclaren,3.8181818181818183,0.0,12.033333333333331,-0.0123394610929236,3.406362544580944,1,0.1818181818181818,12.181818181818182,18,19,0.9473684210526316,11.0,High,medium,1.4880770554298328,-1.3952899240284686,24.949754369596747,1.9992490242499402e-07,4.805445118298852e-11,0.21459075341275102,74.83565467701759,4,74.83565467701759
36,829,2015,1.0,stevens,209,manor,1.666666666666668,0.3333333333333333,15.61111111111111,-0.0291814946619217,1.4817407180595246,1,0.0,16.066666666666666,18,19,0.9473684210526316,0.0,Low,medium,3.6109179126442257,-3.610917912644224,0.12866557636941856,4.130878307517128e-18,1.3887471114808478e-21,0.0018215476886587467,99.8695128759419,4,99.8695128759419
37,834,2015,0.8,rossi,209,manor,2.4000000000000004,0.5,15.61111111111111,0.0135231316725978,2.33238075793812,0,0.0,15.4,5,19,0.2631578947368421,0.0,Low,medium,1.0986122886681098,-2.3978952727983707,0.4089486088410049,8.25471833337523e-14,1.911877909477444e-16,0.39339232761815507,99.19765906354078,4,99.19765906354078
38,3,2016,0.0476190476190476,rosberg,131,mercedes,-0.4499999999999999,0.6666666666666666,2.2,-0.0227272727272726,1.6085707942145415,2,1.0,2.25,21,21,1.0,385.0,Low,medium,-2.6149597780361984,3.7612001156935633,0.004867531632835613,98.1893030373834,1.8058294309838518,1.0531374612729999e-15,5.230969081332786e-55,1,98.1893030373834
39,1,2016,0.0952380952380952,hamilton,131,mercedes,2.368421052631579,1.0,2.2,0.0430622009569379,1.585949386665196,2,1.0,2.1052631578947367,21,21,1.0,380.0,Low,high,-2.0541237336955467,3.7612001156935633,0.00014027218969701557,99.90945847920487,0.09040124860542174,5.225987311879085e-16,2.0980384698303196e-57,1,99.90945847920487
40,20,2016,0.1904761904761904,vettel,6,ferrari,2.0,0.0,4.214285714285714,0.0368893320039881,1.6967300119830535,2,1.0,4.0588235294117645,21,21,1.0,212.0,Low,high,-1.3581234841531948,3.7612001156935633,0.00034045227418658895,99.99799954211605,0.0016600050497953035,5.599330314079294e-10,3.726067724151665e-34,1,99.99799954211605
41,817,2016,0.0476190476190476,ricciardo,9,red_bull,-0.4761904761904767,0.3333333333333333,4.523809523809524,0.0315789473684209,2.339641618388238,2,0.9523809523809524,4.380952380952381,21,21,1.0,256.0,Low,high,-2.6149597780361984,2.6149597780361975,0.9832340529083796,74.74484959353978,24.271916338886104,1.4665734949207685e-08,2.2198016315501777e-34,1,74.74484959353978
42,13,2016,0.5238095238095238,massa,3,williams,-0.166666666666666,0.3333333333333333,9.166666666666666,-0.0848484848484849,3.8365525934710103,2,0.7222222222222222,9.944444444444445,21,21,1.0,53.0,High,low,0.0909717782057266,0.9057086225436178,83.37544783597242,2.6649743579724963e-05,0.20858245139087436,15.938507815551702,0.47743524734144127,0,83.37544783597242
43,807,2016,0.4285714285714285,hulkenberg,10,force_india,-1.0,0.6666666666666666,8.714285714285714,-0.0395371263259402,3.71753536689999,2,0.8235294117647058,9.058823529411764,21,21,1.0,72.0,High,medium,-0.2744368457017607,1.4423838277709335,89.33366239258845,2.4536035847413447e-05,0.3956396145249237,10.270646978644475,2.647820632581802e-05,0,89.33366239258845
44,822,2016,0.4285714285714285,bottas,3,williams,-0.4736842105263168,0.3333333333333333,9.166666666666666,0.0698564593301434,3.2341666306815195,2,0.7894736842105263,8.526315789473685,21,21,1.0,85.0,High,high,-0.2744368457017607,1.244324099849503,95.47251444078032,0.00019124204324424092,0.1447237520579333,4.382570560246466,4.87207639675869e-09,0,95.47251444078032
45,832,2016,0.6190476190476191,sainz,5,toro_rosso,0.7647058823529402,0.6666666666666666,11.0,0.0588235294117646,3.5303920207349786,1,0.5882352941176471,10.352941176470589,21,21,1.0,46.0,High,high,0.462623521948113,0.340140282916356,26.403310334598423,3.156158465971678e-07,2.3979076690678275e-05,73.59333142684847,0.0033339438605813243,3,73.59333142684847
46,830,2016,0.1428571428571428,max_verstappen,9,red_bull,0.2777777777777777,1.0,4.523809523809524,-0.080701754385965,2.865288212939473,1,0.9444444444444444,4.888888888888889,21,21,1.0,204.0,Medium,low,-1.6650077635889116,2.5014359517392104,5.0578120870583065,5.83880226126849,89.09832880153415,0.005056850139130495,2.4341609295335893e-20,2,89.09832880153415
47,825,2016,0.8571428571428571,kevin_magnussen,4,renault,3.7058823529411775,0.0,14.175,0.0164954870837224,2.7326046233733967,2,0.1176470588235294,13.941176470588236,21,21,1.0,7.0,Medium,medium,1.6650077635889111,-1.8572257776596413,34.86172465252611,4.833935117404195e-09,5.819713496648633e-15,0.24607589704520044,64.89219944559473,4,64.89219944559473
48,815,2016,0.3333333333333333,perez,10,force_india,1.1904761904761916,0.3333333333333333,8.714285714285714,0.0163934426229507,3.645890427152566,2,0.7619047619047619,8.571428571428571,21,21,1.0,101.0,High,medium,-0.6592456288842641,1.0986122886681098,86.64077025555409,0.006708103817252695,0.06753358479153873,13.284984858986235,3.19685085110952e-06,0,86.64077025555409
49,18,2016,0.7619047619047619,button,1,mclaren,2.533333333333333,0.3333333333333333,10.404761904761903,-0.0764302059496566,3.0594117081556713,2,0.4666666666666667,11.2,21,21,1.0,21.0,Medium,low,1.0986122886681098,-0.1274449465681202,63.03312773935924,3.164853492346972e-05,3.353022141571571e-07,8.484821444767798,28.482018832035845,0,63.03312773935924
50,831,2016,0.9523809523809524,nasr,15,sauber,3.294117647058826,1.0,15.0,-0.0156862745098038,2.578860025503879,1,0.0588235294117647,15.235294117647058,21,21,1.0,2.0,Medium,medium,2.6149597780361975,-2.457703827107939,2.3245072129005932e-05,1.0183651195790021e-14,1.4280727321099584e-22,0.09208445091955338,99.9078923040083,4,99.9078923040083
51,828,2016,1.0,ericsson,15,sauber,3.625,0.3333333333333333,15.0,0.0041666666666666,2.357667014232502,2,0.0,14.9375,21,21,1.0,0.0,Low,medium,3.7612001156935633,-3.7612001156935624,1.5237648857734252,2.5541733198844822e-14,6.91453299748661e-23,0.008495918456192216,98.46773919577032,4,98.46773919577032
52,8,2016,0.1904761904761904,raikkonen,6,ferrari,0.5294117647058822,0.3333333333333333,4.214285714285714,-0.1166500498504486,1.706896250417283,2,1.0,4.705882352941177,21,21,1.0,186.0,Low,low,-1.3581234841531948,3.7612001156935633,0.16001845710738077,98.82921164801077,1.010516477867993,0.0002534170138891949,4.235817936699304e-23,1,98.82921164801077
53,837,2016,1.0,haryanto,209,manor,1.3333333333333357,1.0,17.025,-0.0703214227443302,2.042752923427804,0,0.0,18.22222222222222,12,21,0.5714285714285714,0.0,Low,low,3.2188758248682015,-3.218875824868201,6.645318950570601e-07,1.8461622107512135e-21,1.7010474401455757e-23,0.0023900555564442937,99.99760927991167,4,99.99760927991167
54,826,2016,0.7619047619047619,kvyat,5,toro_rosso,1.4000000000000004,0.0,11.0,-0.0909090909090909,3.687817782917155,2,0.3333333333333333,12.0,21,21,1.0,25.0,High,low,1.0986122886681098,-0.6592456288842641,18.303545505613716,4.0396787379965336e-07,2.280885506657821e-05,0.974283279358174,80.72214800220515,4,80.72214800220515
55,824,2014,0.9333333333333332,jules_bianchi,206,marussia,1.666666666666666,1.0,15.964285714285714,0.0029828486204325,2.6601482832520613,0,0.0833333333333333,15.916666666666666,15,19,0.7894736842105263,2.0,Medium,medium,2.268683541318363,-2.0971411187792373,1.665730265866318e-05,1.6051179272127824e-17,2.474500287776113e-19,0.23842697285664208,99.76155636984069,4,99.76155636984069
56,13,2014,0.3684210526315789,massa,3,williams,-0.1875,1.0,6.157894736842105,-0.1976495726495726,4.013648589500581,0,0.6875,7.375,19,19,1.0,134.0,High,low,-0.5108256237659907,0.7451683653108238,4.366803964086324,0.0021352817725552448,95.59379802091739,0.03712898840444556,0.00013374481920677133,2,95.59379802091739
57,822,2015,0.2631578947368421,bottas,3,williams,-0.9411764705882356,1.0,6.777777777777778,0.0019286403085824,3.702612936907345,1,0.7647058823529411,6.764705882352941,19,19,1.0,136.0,High,medium,-0.9694005571881034,1.1064708752806305,86.80792211515893,0.0022411877786310402,12.544754177996333,0.6450825190613919,4.651918888615118e-12,0,86.80792211515893
58,821,2016,0.9047619047619048,gutierrez,210,haas,0.0625,0.3333333333333333,12.289473684210526,-0.1188436830835118,2.8831406486676987,2,0.0,13.75,21,21,1.0,0.0,Medium,low,2.054123733695546,-3.7612001156935624,4.129660394289695,3.1268507856949365e-13,6.595962836241331e-10,0.17877553135606195,95.69156407369435,4,95.69156407369435
59,4,2016,0.6,alonso,1,mclaren,2.1176470588235308,0.3333333333333333,10.404761904761903,0.0219410418629695,3.792179167361458,2,0.5294117647058824,10.176470588235292,20,21,0.9523809523809524,54.0,High,medium,0.3856624808119846,0.112162257095649,59.86786905011873,3.291163370547665e-05,1.973270624982988e-05,40.01889483646213,0.11318346907919559,0,59.86786905011873
60,1,2017,0.05,hamilton,131,mercedes,0.8999999999999999,0.0,2.775,0.0270270270270269,2.215851980616034,3,1.0,2.7,20,20,1.0,363.0,Low,medium,-2.5649493574615367,3.7135720667043066,3.1451244471380406e-06,99.96905494010763,0.030941914767962472,2.4911563236927296e-14,3.185066243053182e-46,1,99.96905494010763
61,20,2017,0.1,vettel,6,ferrari,0.7777777777777781,0.6666666666666666,3.5,0.2698412698412699,1.5355861067872505,3,1.0,2.5555555555555554,20,20,1.0,317.0,Low,high,-2.001480000210124,3.7135720667043066,0.006715243965002285,99.96615585073508,0.027128905299943124,1.1858912629258058e-27,6.597740306948489e-75,1,99.96615585073508
62,830,2017,0.4,max_verstappen,9,red_bull,2.615384615384615,0.3333333333333333,3.7,-0.1434511434511434,2.2241280453539938,2,1.0,4.230769230769231,20,20,1.0,168.0,Low,low,-0.3856624808119846,3.7135720667043066,0.03125333007482472,99.88722527159803,0.06795550119079845,0.013565897136350199,2.8878607936027687e-16,1,99.88722527159803
63,817,2017,0.3,ricciardo,9,red_bull,4.071428571428571,0.3333333333333333,3.7,0.0733590733590734,1.2371791482634835,3,1.0,3.4285714285714284,20,20,1.0,200.0,Low,high,-0.8023464725249372,3.7135720667043066,0.0005923662234586053,99.99939783770989,9.796047882462493e-06,1.880235230631831e-11,8.089306289086803e-38,1,99.99939783770989
64,8,2017,0.2,raikkonen,6,ferrari,-0.5294117647058822,0.6666666666666666,3.5,-0.2773109243697479,2.6814756047156427,3,0.9411764705882352,4.470588235294118,20,20,1.0,205.0,Medium,low,-1.2992829841302609,2.444632750650058,2.8031144886373687,4.583238480943439,92.60967224196388,0.0039747884441311615,1.1138949716440264e-11,2,92.60967224196388
65,822,2017,0.05,bottas,131,mercedes,0.4210526315789473,1.0,2.775,-0.0621147463252726,1.4680342822085637,3,1.0,2.9473684210526314,20,20,1.0,305.0,Low,low,-2.5649493574615367,3.7135720667043066,0.029694160494341433,96.29802867214634,3.6722771673391725,2.0154295776448663e-11,1.5075694912960698e-44,1,96.29802867214634
66,832,2017,0.7,sainz,5,toro_rosso,2.416666666666666,0.0,11.13157894736842,0.2588652482269503,2.5207472437090286,2,0.8333333333333334,8.25,20,20,1.0,54.0,Medium,high,0.8023464725249373,1.4992347723004869,99.99668502392406,0.003250022443411374,4.2237455349760426e-07,6.453125788547527e-05,5.207558323547943e-15,0,99.99668502392406
67,825,2017,0.8,kevin_magnussen,210,haas,2.0666666666666664,0.3333333333333333,11.13157894736842,-0.0301024428684003,2.6549743668986507,3,0.3333333333333333,11.466666666666669,20,20,1.0,19.0,Medium,medium,1.2992829841302609,-0.6576404921030357,67.23734842276005,3.3140374776632504e-06,4.976074405534357e-09,30.208659849352486,2.553988408873944,0,67.23734842276005
68,815,2017,0.5,perez,10,force_india,1.1052631578947372,0.6666666666666666,7.9,0.0006662225183212,2.8817892256850155,3,0.8947368421052632,7.894736842105263,20,20,1.0,100.0,Medium,medium,0.0,1.95453089209922,94.55413697566516,0.056295317678641196,0.007490660809302693,5.3820770448161435,1.0307981828968396e-09,0,94.55413697566516
69,835,2017,0.8125,jolyon_palmer,4,renault,2.454545454545455,1.0,10.305555555555555,-0.1644204851752022,2.335496832484569,1,0.0909090909090909,12.0,16,20,0.8,8.0,Low,low,1.3499267169490154,-2.0409182596835005,0.008263055651840632,3.8435402431601015e-08,2.0263590978278284e-11,0.39807730942728203,99.59365959646526,4,99.59365959646526
70,13,2017,0.631578947368421,massa,3,williams,1.1764705882352935,0.6666666666666666,10.0,0.0647058823529411,2.084711193725806,3,0.7647058823529411,9.352941176470589,19,20,0.95,43.0,Low,high,0.5108256237659907,1.1064708752806305,97.11802904754161,0.0006408332729894008,6.117102132432752e-07,2.8813295054540977,2.021052321339334e-09,0,97.11802904754161
71,828,2017,0.9,ericsson,15,sauber,2.142857142857141,0.3333333333333333,14.13157894736842,-0.0462889066241022,2.144047288543376,3,0.0,14.785714285714286,20,20,1.0,0.0,Low,medium,2.001480000210124,-3.713572066704308,19.22313821813375,1.5302557204744438e-11,1.7270481503383717e-16,1.768173670513839,79.00868811133708,4,79.00868811133708
72,4,2017,0.8421052631578947,alonso,1,mclaren,1.90909090909091,0.6666666666666666,11.694444444444445,0.0438350248326495,3.2141217326661256,3,0.4545454545454545,11.181818181818182,19,20,0.95,17.0,High,high,1.5505974124111666,-0.1731586438724352,9.221228607043349,1.8037209513874947e-07,1.3074566065784606e-10,90.75912390713934,0.01964730531444131,3,90.75912390713934
73,826,2017,0.9333333333333332,kvyat,5,toro_rosso,0.7272727272727266,0.0,11.13157894736842,-0.0780141843971631,2.174229226018437,3,0.2727272727272727,12.0,15,20,0.75,5.0,Low,low,2.268683541318363,-0.9103324222905244,14.496831049414011,3.771731295689386e-08,1.8065488917321058e-08,4.4095223008878355,81.09364659391535,4,81.09364659391535
74,841,2017,1.0,giovinazzi,15,sauber,4.0,0.3333333333333333,14.13157894736842,0.1508379888268156,0.0,0,0.0,12.0,2,20,0.1,0.0,Low,high,1.6094379124341007,-1.6094379124341005,99.9999998327306,1.1921249897313837e-08,1.2685579966815563e-21,1.539716464741053e-07,1.3765474328101628e-09,0,99.9999998327306
75,840,2017,0.8,stroll,3,williams,2.9375,0.6666666666666666,10.0,-0.11875,4.156602428666951,0,0.4375,11.1875,20,20,1.0,40.0,High,low,1.2992829841302609,-0.2392296890658342,4.571109659418384,9.714275415619055e-06,2.6529709213752e-05,0.2166061580817371,95.21224793851523,4,95.21224793851523
76,18,2017,1.0,button,1,mclaren,1.0,0.3333333333333333,11.694444444444445,-0.0020833333333332,2.770102775666474,3,0.6,9.944444444444445,1,20,0.05,0.0,High,high,1.0986122886681098,0.3865609534690117,48.201734443217774,1.8962818520262104e-06,5.236224332496251e-07,51.73639453234786,0.06186860453005768,3,51.73639453234786
77,814,2017,1.0,resta,3,williams,1.0,0.3333333333333333,10.0,-0.0020833333333332,2.770102775666474,0,0.6,9.944444444444445,1,20,0.05,0.0,High,high,1.0986122886681098,0.3865609534690117,69.94521662058149,7.372786365152108e-07,2.357659988974734e-05,29.948042552287447,0.10671651325254654,0,69.94521662058149
78,843,2017,1.0,brendon_hartley,5,toro_rosso,5.5,0.0,11.13157894736842,-0.2576832151300236,1.0,0,0.0,14.0,4,20,0.2,0.0,Low,low,2.1972245773362196,-2.197224577336219,99.99650352180295,0.0005956774199001755,5.517966570001286e-17,3.820349550245985e-05,0.0028625972815846295,0,99.99650352180295
79,20,2018,0.0476190476190476,vettel,6,ferrari,-0.1999999999999997,0.6666666666666666,3.0714285714285716,-0.0255813953488371,1.930673457630782,4,1.0,3.15,21,21,1.0,320.0,Low,medium,-2.6149597780361984,3.7612001156935633,0.08821990607460328,93.13898019432561,6.772799899594786,5.010241480669662e-12,6.20312926755886e-44,1,93.13898019432561
80,1,2018,0.0476190476190476,hamilton,131,mercedes,0.8,0.3333333333333333,2.85,0.3157894736842105,1.2439855304624727,4,1.0,1.95,21,21,1.0,408.0,Low,high,-2.6149597780361984,3.7612001156935633,1.4635891739725565e-06,99.99740017369011,0.002598362720748342,2.5125169059071615e-39,9.692030007565073e-96,1,99.99740017369011
81,8,2018,0.1904761904761904,raikkonen,6,ferrari,0.4705882352941177,1.0,3.0714285714285716,-0.0533515731874144,1.2141039670911935,4,1.0,3.235294117647059,21,21,1.0,251.0,Low,low,-1.3581234841531948,3.7612001156935633,0.1957564546579105,98.96382360091035,0.8404199407742076,3.657508927292708e-09,3.963052696405714e-38,1,98.96382360091035
82,817,2018,0.3809523809523809,ricciardo,9,red_bull,4.076923076923077,0.3333333333333333,3.5789473684210527,-0.1176470588235294,1.4675987714106855,4,1.0,4.0,21,21,1.0,170.0,Low,low,-0.4626235219481133,3.7612001156935633,0.0011085248913998245,99.99832949373265,0.0002959409080578356,0.00026604046784042324,2.2640573780503856e-20,1,99.99832949373265
83,4,2018,0.7619047619047619,alonso,1,mclaren,2.9333333333333336,0.3333333333333333,11.476190476190476,0.1112033195020747,3.9191835884530857,4,0.6,10.2,21,21,1.0,50.0,High,high,1.0986122886681098,0.3865609534690117,37.44433251842965,3.9298218097594274e-05,5.426560364625167e-09,62.55562399777222,4.180153508745936e-06,3,62.55562399777222
84,830,2018,0.1904761904761904,max_verstappen,9,red_bull,3.352941176470588,1.0,3.5789473684210527,0.0302768166089965,1.973877851242649,3,1.0,3.4705882352941178,21,21,1.0,249.0,Low,high,-1.3581234841531948,3.7612001156935633,0.00590650706511278,99.98639233261775,0.007701132892213258,2.7424857252884042e-08,1.1980858434818258e-36,1,99.98639233261775
85,807,2018,0.6190476190476191,hulkenberg,4,renault,1.7857142857142865,0.3333333333333333,8.761904761904763,0.078804347826087,2.5763841138387766,4,0.7857142857142857,8.071428571428571,21,21,1.0,69.0,Medium,high,0.462623521948113,1.2237754316221154,97.97909517589441,0.04154297782161299,3.553350243224012e-05,1.9793263126236798,1.578302749644735e-10,0,97.97909517589441
86,822,2018,0.1428571428571428,bottas,131,mercedes,0.4736842105263155,0.0,2.85,-0.3665743305632502,1.7739262680371282,4,1.0,3.8947368421052633,21,21,1.0,247.0,Low,low,-1.6650077635889116,3.7612001156935633,1.053384156658456e-05,99.86654676439024,0.1332112213113541,0.0002314804568965343,8.984577228456994e-15,1,99.86654676439024
87,838,2018,0.7619047619047619,vandoorne,1,mclaren,3.684210526315791,0.3333333333333333,11.476190476190476,-0.0869185411661934,2.5208273715427465,2,0.2105263157894736,12.473684210526317,21,21,1.0,12.0,Medium,low,1.0986122886681098,-1.244324099849504,34.2722132611936,8.289703991225508e-06,1.7305650235995342e-11,1.4246319552749476,64.30314649381016,4,64.30314649381016
88,832,2018,0.5714285714285714,sainz,4,renault,0.3157894736842106,0.0,8.761904761904763,-0.0812356979405032,2.6629706611944246,3,0.6842105263157895,9.473684210526317,21,21,1.0,53.0,Medium,low,0.2744368457017605,0.7347069102667401,27.371228992295006,0.004078895172566001,0.032655306406450826,72.44593929249406,0.14609751363193235,3,72.44593929249406
89,815,2018,0.4761904761904761,perez,10,force_india,1.2105263157894743,0.3333333333333333,9.475,-0.0331898347451742,3.4880087422696615,4,0.631578947368421,9.789473684210526,21,21,1.0,62.0,High,medium,-0.090971778205727,0.5133782735247693,55.36065133255632,0.0009100240707179203,0.0008515462381314857,44.63740519290476,0.00018190423010361727,0,55.36065133255632
90,844,2018,0.6666666666666666,leclerc,15,sauber,2.533333333333333,1.0,10.975,0.0766894457099468,3.4032664048267245,0,0.6666666666666666,10.133333333333333,21,21,1.0,39.0,High,high,0.6592456288842639,0.6592456288842639,0.3004572565801197,2.769994226038691e-06,5.053887704157159e-08,99.69717838753533,0.0023615353514490536,3,99.69717838753533
91,840,2018,0.8095238095238095,stroll,3,williams,2.421052631578947,0.3333333333333333,14.225,0.0269170289519932,2.641035640061974,1,0.1052631578947368,13.842105263157896,21,21,1.0,6.0,Medium,medium,1.358123484153194,-1.962416713657016,7.909036038216281,3.546740703911893e-11,7.741491207552587e-14,2.1962625162988667,89.89470144544933,4,89.89470144544933
92,843,2018,0.9047619047619048,brendon_hartley,5,toro_rosso,1.799999999999999,0.3333333333333333,12.15,-0.0919067215363512,2.954469307488045,1,0.2,13.266666666666667,21,21,1.0,4.0,Medium,low,2.054123733695546,-1.3031439927877202,4.270639002520272,2.5880353780776657e-10,2.53376572848017e-10,0.1401869530154515,95.5891740439521,4,95.5891740439521
93,825,2018,0.5714285714285714,kevin_magnussen,210,haas,0.2777777777777785,0.6666666666666666,10.421052631578949,0.0297418630751964,3.754832277492401,4,0.6111111111111112,10.11111111111111,21,21,1.0,56.0,High,medium,0.2744368457017605,0.4307829160924543,30.039448771485986,5.902897871644137e-06,1.147931736351719e-05,69.96053351792361,3.283751728471321e-07,3,69.96053351792361
94,828,2018,0.8095238095238095,ericsson,15,sauber,4.0,0.6666666666666666,10.975,-0.0826745276698379,2.272142107744467,4,0.3529411764705882,11.882352941176473,21,21,1.0,9.0,Low,low,1.358123484153194,-0.5769892178090761,35.92649585789145,0.0005953047183993808,4.1483837185577446e-13,63.118730859440305,0.9541779779493439,3,63.118730859440305
95,845,2018,0.9047619047619048,sirotkin,3,williams,1.833333333333334,0.6666666666666666,14.225,-0.0427650849443468,2.1147629234082532,0,0.0555555555555555,14.833333333333334,21,21,1.0,1.0,Low,medium,2.054123733695546,-2.5014359517392117,0.02709497196239379,1.3608806952379629e-14,2.8171007423770564e-16,0.17196135263486167,99.80094367540269,4,99.80094367540269
96,822,2019,0.1428571428571428,bottas,131,mercedes,1.0526315789473686,0.0,2.7857142857142856,0.0364372469635627,1.656013970794976,5,1.0,2.6842105263157894,21,21,1.0,326.0,Low,high,-1.6650077635889116,3.7612001156935633,2.452549387531984e-06,99.95645068072237,0.04354686672816275,1.750286382253454e-14,6.729197777871657e-45,1,99.95645068072237
97,1,2019,0.0,hamilton,131,mercedes,-0.0476190476190474,0.3333333333333333,2.7857142857142856,0.1452991452991452,2.1486693662244716,5,1.0,2.380952380952381,21,21,1.0,413.0,Low,high,-3.7612001156935624,3.7612001156935633,2.96627693171715e-05,99.49722206661437,0.5027482706163469,7.88879387304046e-25,1.2403611208385326e-71,1,99.49722206661437
98,830,2019,0.0952380952380952,max_verstappen,9,red_bull,1.1578947368421053,0.6666666666666666,5.261904761904762,0.3298404381995714,1.7280479115138951,4,1.0,3.526315789473684,21,21,1.0,278.0,Low,high,-2.0541237336955467,3.7612001156935633,0.023919275978933438,99.97403462083044,0.0020461031906389157,4.460568965126583e-28,1.277004564229007e-74,1,99.97403462083044
99,20,2019,0.238095238095238,vettel,6,ferrari,-0.6842105263157894,0.6666666666666666,4.476190476190476,-0.1405375139977604,4.621400298634778,5,0.8421052631578947,5.105263157894737,21,21,1.0,240.0,High,low,-1.0986122886681102,1.5614060813470951,62.660646047096826,0.1124844292688245,37.22543999765093,0.001429525982662595,7.182481906997894e-13,0,62.660646047096826
100,844,2019,0.1904761904761904,leclerc,6,ferrari,-0.7894736842105261,0.6666666666666666,4.476190476190476,0.0593505039193729,3.518057887803874,1,0.9473684210526316,4.2105263157894735,21,21,1.0,264.0,High,high,-1.3581234841531948,2.5419891651800364,20.554550687445072,0.703593300219029,78.74185267661234,3.3357236045312957e-06,2.0064844961372727e-28,2,78.74185267661234
101,825,2019,0.7142857142857143,kevin_magnussen,210,haas,-2.526315789473685,0.3333333333333333,13.05,-0.0123008671103044,3.6212668235304366,5,0.2105263157894736,13.210526315789474,21,21,1.0,20.0,High,medium,0.8690378470236096,-1.244324099849504,0.05166352677050006,5.435730450982141e-13,5.732663564343267e-07,99.9483351379088,7.620538235970004e-07,3,99.9483351379088
102,807,2019,0.6666666666666666,hulkenberg,4,renault,-0.2941176470588242,0.3333333333333333,9.833333333333334,-0.0468594217347956,2.7389286416053684,5,0.5882352941176471,10.294117647058824,21,21,1.0,37.0,Medium,medium,0.6592456288842639,0.340140282916356,19.616087802814206,2.1344785921145947e-05,0.00010781734182763188,80.38376088864922,2.2146408875407643e-05,3,80.38376088864922
103,8,2019,0.7142857142857143,raikkonen,51,alfa,-0.6315789473684212,0.6666666666666666,12.19047619047619,0.1062911184210525,3.5227790590908445,5,0.4736842105263157,10.894736842105264,21,21,1.0,43.0,High,high,0.8690378470236096,-0.1005631323879811,3.0744184696351944,1.591200564847698e-08,6.842343160800836e-09,96.9255815076032,7.28692446681153e-12,3,96.9255815076032
104,826,2019,0.6190476190476191,kvyat,5,toro_rosso,3.333333333333334,0.3333333333333333,10.69047619047619,0.0022271714922048,3.248931448269655,5,0.5555555555555556,10.666666666666666,21,21,1.0,37.0,High,medium,0.462623521948113,0.2129219972426719,50.444751239963296,0.0022795646762927167,9.660749444942515e-09,49.55296284195651,6.343743166332488e-06,0,50.444751239963296
105,846,2019,0.6190476190476191,norris,1,mclaren,-0.5294117647058822,0.6666666666666666,8.785714285714286,-0.0712577714012433,2.8087850320737227,0,0.6470588235294118,9.411764705882351,21,21,1.0,49.0,Medium,low,0.462623521948113,0.5769892178090766,51.67197000110948,3.059004529375685e-06,0.05672224554899541,48.26958629177952,0.0017184025574671074,0,51.67197000110948
106,815,2019,0.6190476190476191,perez,211,racing_point,2.421052631578947,0.6666666666666666,10.857142857142858,0.0886426592797783,3.0243700839070824,5,0.5789473684210527,9.894736842105264,21,21,1.0,52.0,Medium,high,0.462623521948113,0.3037494806303455,45.422032604471994,0.0008285370250030922,4.641008428547138e-10,54.577138857989894,4.897944414392518e-11,3,54.577138857989894
107,848,2019,0.3333333333333333,albon,5,toro_rosso,0.200000000000001,0.3333333333333333,10.69047619047619,0.1721603563474387,3.650684867254362,0,0.65,8.85,21,21,1.0,92.0,High,high,-0.6592456288842641,0.5892010922949296,99.53942905689728,4.505680457131616e-06,0.023684225115312593,0.4368822122605041,4.6464586869261305e-11,0,99.53942905689728
108,841,2019,0.7142857142857143,giovinazzi,51,alfa,0.2999999999999989,0.6666666666666666,12.19047619047619,-0.1197265625,3.335790760824186,2,0.2,13.65,21,21,1.0,14.0,High,low,0.8690378470236096,-1.3031439927877202,11.8113744896917,1.4665624609078631e-09,4.650295767016276e-07,5.049184523179026,83.13944052063317,4,83.13944052063317
109,847,2019,0.9047619047619048,russell,3,williams,1.1578947368421062,0.3333333333333333,16.25,0.0445344129554655,1.8458608333421245,0,0.0,15.526315789473683,21,21,1.0,0.0,Low,high,2.054123733695546,-3.7612001156935624,0.30756697565581165,4.4025495013809896e-18,4.266641091765411e-18,0.05491430491479336,99.63751871942944,4,99.63751871942944
110,9,2019,0.9047619047619048,kubica,3,williams,-1.2631578947368407,0.3333333333333333,16.25,-0.0429149797570849,2.038412287477588,0,0.0526315789473684,16.94736842105263,21,21,1.0,1.0,Low,medium,2.054123733695546,-2.5419891651800364,0.060461141868888166,3.277808879284731e-20,8.43592119062416e-13,0.40930833889784407,99.53023051923245,4,99.53023051923245
111,817,2019,0.6190476190476191,ricciardo,4,renault,0.7333333333333325,0.6666666666666666,9.833333333333334,0.0440677966101695,3.2619012860600187,5,0.5333333333333333,9.4,21,21,1.0,54.0,High,high,0.462623521948113,0.12744494656812,33.37931444698712,7.238106286629069e-05,4.667114574011238e-07,66.6206127047404,4.981975513147392e-10,3,66.6206127047404
112,832,2019,0.5238095238095238,sainz,1,mclaren,2.11764705882353,0.3333333333333333,8.785714285714286,0.1095169775227165,3.053162181731995,4,0.7647058823529411,7.823529411764706,21,21,1.0,96.0,Medium,high,0.0909717782057266,1.1129238030613655,98.4421674224466,0.09595716039118526,0.00011035405655113267,1.4617650631020238,3.649646567081888e-12,0,98.4421674224466
113,822,2020,0.1176470588235294,bottas,131,mercedes,-1.9375,0.6666666666666666,3.2058823529411766,-0.345183486238532,3.7536440627742,6,0.875,4.3125,17,17,1.0,223.0,High,low,-1.824549292051046,1.767661917648994,7.360833452541943,0.09669888948632258,92.54246656761747,1.090342553320615e-06,1.1743498326340418e-11,2,92.54246656761747
114,813,2015,0.631578947368421,maldonado,208,lotus_f1,3.0,0.3333333333333333,8.84375,-0.119434628975265,2.8442925306655784,1,0.6,9.9,19,19,1.0,27.0,Medium,low,0.5108256237659907,0.3846743384390905,84.32369652249673,0.011047248178030865,3.934534903874508e-05,11.506669422486846,4.158547461489342,0,84.32369652249673
115,833,2015,1.0,merhi,209,manor,2.916666666666668,1.0,15.61111111111111,0.0071174377224199,1.892969448600091,0,0.0,15.5,13,19,0.6842105263157895,0.0,Low,medium,3.2958368660043296,-3.295836866004329,7.86700849802548e-07,1.5079997342678245e-18,6.383111576109761e-26,0.006832587667277181,99.99316662563186,4,99.99316662563186
116,836,2016,0.9523809523809524,wehrlein,209,manor,2.75,0.6666666666666666,17.025,0.0565345080763582,2.633171804117612,0,0.0625,16.0625,21,21,1.0,1.0,Medium,high,2.6149597780361975,-2.4103564932361827,0.001182018649596072,7.560018795708733e-18,4.705838654999384e-22,0.02983010559231137,99.96898787575807,4,99.96898787575807
117,839,2016,0.8888888888888888,ocon,209,manor,3.444444444444443,0.5,17.025,0.001468428781204,2.9439202887759484,0,0.0,17.0,9,21,0.4285714285714285,0.0,Medium,medium,1.7346010553881064,-2.9444389791664403,0.01765023192560427,3.5858252682203542e-16,1.070901978964887e-20,0.006026989150324227,99.97632277892403,4,99.97632277892403
118,836,2017,0.9444444444444444,wehrlein,15,sauber,2.533333333333331,0.0,14.13157894736842,0.018746120422098,2.499777767900357,1,0.1333333333333333,13.866666666666667,18,20,0.9,5.0,Medium,medium,2.4567357728213035,-1.714108534997989,7.767360895945105,7.964545922596246e-12,1.1295775725593637e-14,0.07414320880488191,92.15849589524203,4,92.15849589524203
119,842,2017,1.0,gasly,5,toro_rosso,3.4000000000000004,1.0,11.13157894736842,-0.2217494089834515,1.3564659966250538,0,0.0,13.6,5,20,0.25,0.0,Low,low,2.3978952727983702,-2.3978952727983707,0.0008138384692945641,7.507336714890371e-09,1.5416565503456541e-15,0.06388416312650218,99.93530199089685,4,99.93530199089685
120,839,2018,0.6190476190476191,ocon,10,force_india,1.4000000000000004,0.3333333333333333,9.475,0.029023746701847,2.7129319932501073,2,0.6666666666666666,9.2,21,21,1.0,49.0,Medium,medium,0.462623521948113,0.6592456288842639,86.61775400934921,0.00032049878670839364,5.2093971943861424e-05,13.38177412581712,9.927207501919553e-05,0,86.61775400934921
121,842,2018,0.6666666666666666,gasly,5,toro_rosso,1.5,0.6666666666666666,12.15,0.0843621399176955,3.314268395890713,1,0.3125,11.125,21,21,1.0,29.0,High,high,0.6592456288842639,-0.74907573321917,11.026075644408904,1.7123492533811547e-08,1.3270169621212805e-08,88.903300190359,0.07062413483841101,3,88.903300190359
122,842,2019,0.5714285714285714,gasly,9,red_bull,0.5500000000000007,0.6666666666666666,5.261904761904762,-0.7009049773755655,3.980891859872609,2,0.7,8.95,21,21,1.0,95.0,High,low,0.2744368457017605,0.8043728156701697,0.0038609793586313916,0.02507511070396049,99.97106390993736,1.50425471882167e-27,2.726239449369953e-16,2,99.97106390993736
123,154,2015,0.5789473684210527,grosjean,208,lotus_f1,2.153846153846155,0.3333333333333333,8.84375,0.0258222343027997,2.527950265408459,1,0.7692307692307693,8.615384615384615,19,19,1.0,51.0,Medium,medium,0.3022808718729334,1.1296225254106704,94.22094135178052,0.006760935947459117,7.07123619479652e-05,5.772223691980787,3.3079292897947113e-06,0,94.22094135178052
124,154,2016,0.7142857142857143,grosjean,210,haas,2.5625,0.3333333333333333,12.289473684210526,0.0438972162740898,4.00780488547035,2,0.3125,11.75,21,21,1.0,29.0,High,high,0.8690378470236096,-0.74907573321917,46.15684316109889,2.100839034944969e-07,1.940703113963054e-08,48.77375750425411,5.069399105156092,3,48.77375750425411
125,154,2017,0.7,grosjean,210,haas,2.235294117647058,0.3333333333333333,11.13157894736842,0.0118203309692671,2.8491484796029014,3,0.4705882352941176,11.0,20,20,1.0,28.0,Medium,medium,0.8023464725249373,-0.1121622570956493,64.0327119616735,2.036067609978793e-05,2.5579813342994992e-08,35.92173877993577,0.04552887213479804,0,64.0327119616735
126,154,2018,0.7142857142857143,grosjean,210,haas,-0.4666666666666668,0.6666666666666666,10.421052631578949,-0.0363636363636364,3.745219174716837,4,0.4666666666666667,10.8,21,21,1.0,37.0,High,medium,0.8690378470236096,-0.1274449465681202,28.060316878271973,2.0607962951109884e-07,2.0923800988967352e-05,71.93921328053074,0.00044871131671531757,3,71.93921328053074
127,154,2019,0.7619047619047619,grosjean,210,haas,-1.333333333333334,0.3333333333333333,13.05,-0.0268199233716474,3.1790984046843636,5,0.2,13.4,21,21,1.0,8.0,High,medium,1.0986122886681098,-1.3031439927877202,0.4642995756279985,1.8211314175607068e-11,2.6747940514834215e-08,99.53567126387723,2.913372860090228e-05,3,99.53567126387723
128,844,2020,0.4117647058823529,leclerc,6,ferrari,1.0,0.6666666666666666,8.866666666666667,0.2105263157894737,3.762159772503841,2,0.7692307692307693,7.0,17,17,1.0,98.0,High,high,-0.3364722366212128,1.1215359285700472,99.95484708614318,0.0015003066297561646,0.0012365965525092482,0.042416010674535126,8.252308973894276e-17,0,99.95484708614318
129,1,2020,0.0,hamilton,131,mercedes,0.0,0.6666666666666666,3.2058823529411766,0.4151376146788991,1.6153559979150107,6,1.0,1.875,16,17,0.9411764705882352,347.0,Low,high,-3.49650756146648,3.49650756146648,2.6980542653524772e-05,99.99911520484682,0.000857814610558601,7.5132704288836e-45,1.0470456906918377e-111,1,99.99911520484682
130,832,2020,0.4117647058823529,sainz,1,mclaren,1.7857142857142856,0.6666666666666666,7.4411764705882355,0.088085827216262,3.074749035718698,5,0.8571428571428571,6.785714285714286,17,17,1.0,105.0,Medium,high,-0.3364722366212128,1.638286066771759,98.67571572013475,0.8143060308261431,0.00026869254472510314,0.5097095564943737,8.850055470157244e-18,0,98.67571572013475
131,815,2020,0.3333333333333333,perez,211,racing_point,0.0714285714285711,1.0,7.117647058823529,0.0867768595041321,4.013370510822899,6,0.9285714285714286,6.5,15,17,0.8823529411764706,125.0,High,high,-0.6466271649250525,2.217225244042889,99.76496089190712,0.13283357989750003,0.0004870384890650978,0.10171848970626622,1.7336066504143818e-24,0,99.76496089190712
132,841,2020,0.6470588235294118,giovinazzi,51,alfa,3.2857142857142847,0.6666666666666666,13.147058823529411,-0.054010866091403,2.6954231805876017,3,0.2142857142857142,13.857142857142858,17,17,1.0,4.0,Medium,low,0.5705448584676127,-1.2074151485169091,22.799270500669504,1.756309194662984e-06,3.268198964329252e-13,68.29141093703379,8.909316805987212,3,68.29141093703379
133,849,2020,0.6470588235294118,latifi,3,williams,3.2857142857142865,0.6666666666666666,14.941176470588236,-0.0326209223847019,2.770102775666474,0,0.0,15.428571428571429,17,17,1.0,0.0,Medium,medium,0.5705448584676127,-3.5553480614894135,0.011565185348018444,1.673725148255467e-13,1.0585445959764525e-17,0.05413645933597677,99.93429835531586,4,99.93429835531586
134,826,2020,0.5294117647058824,kvyat,213,alphatauri,1.1875,0.3333333333333333,9.294117647058824,-0.1431962025316454,3.3330729064933458,6,0.4375,10.625,17,17,1.0,32.0,High,low,0.1112256351102244,-0.2372172785258717,85.52038197707121,0.0024789310589798247,0.0004633316890391798,14.476658302738008,1.7457442755998696e-05,0,85.52038197707121
135,848,2020,0.2352941176470588,albon,9,red_bull,-0.25,0.3333333333333333,6.088235294117647,-0.2729468599033817,3.960744879438715,1,0.75,7.75,17,17,1.0,105.0,High,low,-1.0986122886681098,1.0258529343856817,23.638303713547778,0.03268461164015748,76.319057607183,0.003402155249715212,0.006551912379321205,2,76.319057607183
136,8,2020,0.6470588235294118,raikkonen,51,alfa,3.1875,0.6666666666666666,13.147058823529411,0.0111856823266218,2.207940216581962,6,0.125,13.0,17,17,1.0,4.0,Low,medium,0.5705448584676127,-1.7676619176489945,9.592195848323618,4.849228591602274e-06,1.5032174646373875e-17,90.40779929803197,4.415807276184707e-09,3,90.40779929803197
137,847,2020,0.7647058823529411,russell,3,williams,-1.384615384615385,0.0,14.941176470588236,0.0218049666868564,2.8158469565727886,1,0.0769230769230769,14.615384615384617,17,17,1.0,3.0,Medium,medium,1.0986122886681098,-2.192485231972323,0.20461171080370372,2.858839163811068e-16,1.942291648109761e-08,12.868038919217453,86.9273493505559,4,86.9273493505559
138,825,2020,0.8235294117647058,kevin_magnussen,210,haas,0.6363636363636367,0.6666666666666666,14.9375,0.0140737923164701,2.4896479886598457,6,0.0909090909090909,14.727272727272728,17,17,1.0,1.0,Medium,medium,1.421385680931161,-2.0541237336955462,0.3015738052796868,3.133270247483657e-11,1.5915615591988534e-17,99.6984261935006,1.1884183215379385e-09,3,99.6984261935006
139,840,2020,0.375,stroll,211,racing_point,0.5454545454545459,0.5,7.117647058823529,0.0165289256198346,3.1333978072025612,3,0.9090909090909092,7.0,16,17,0.9411764705882352,75.0,Medium,medium,-0.4795730802618864,2.0409182596835014,97.57938720389767,0.07015010720296505,0.1930218602560296,2.1574408285206097,1.2272064219210136e-10,0,97.57938720389767
140,817,2020,0.2941176470588235,ricciardo,4,renault,0.6875,0.3333333333333333,7.117647058823529,0.0516528925619834,3.0310889132455348,6,0.875,6.75,17,17,1.0,119.0,Medium,high,-0.8209805520698303,1.767661917648994,90.14847517932002,7.770047245265321,0.5531511255226388,1.528326449891991,4.5769998631190524e-18,0,90.14847517932002
141,830,2020,0.2941176470588235,max_verstappen,9,red_bull,0.5833333333333335,0.3333333333333333,6.088235294117647,0.6030595813204509,1.2555432644432802,5,1.0,2.4166666666666665,17,17,1.0,214.0,Low,high,-0.8209805520698303,3.555348061489413,0.00027276590426052904,99.99971401103596,1.3223059749298342e-05,2.9233118303856744e-49,2.5574921241207823e-105,1,99.99971401103596
142,807,2020,0.3333333333333333,hulkenberg,211,racing_point,4.0,0.0,7.117647058823529,-0.0537190082644628,0.5,6,1.0,7.5,3,17,0.1764705882352941,10.0,Low,low,-0.5108256237659907,1.9459101490553132,0.2006940048538,99.79683569181893,3.981921745796624e-08,0.002470263507990186,4.728253805395144e-14,1,99.79683569181893
143,838,2016,1.0,vandoorne,1,mclaren,2.0,0.3333333333333333,10.404761904761903,0.0389016018306636,0.0,0,1.0,10.0,1,21,0.0476190476190476,1.0,Low,high,1.0986122886681098,1.0986122886681098,99.99965216284032,0.00021079084791464486,5.388907391284594e-11,0.00013704625780724806,9.082606544465348e-14,0,99.99965216284032
144,850,2020,0.5,pietro_fittipaldi,210,haas,0.5,0.3333333333333333,14.9375,-0.205020920502092,1.0,0,0.0,18.0,2,17,0.1176470588235294,0.0,Low,low,0.0,-1.6094379124341005,27.063222790457797,3.163273143874964e-11,7.642927229949481e-11,0.728245824154758,72.20853138527936,4,72.20853138527936
145,830,2021,0.1363636363636363,max_verstappen,9,red_bull,1.210526315789474,0.75,4.545454545454546,0.5947368421052632,1.7550875790034806,6,1.0,1.8421052631578947,22,22,1.0,388.5,Low,high,-1.7176514970743335,3.806662489770321,7.514845588734477e-06,99.99999222996378,2.5519066920729214e-07,2.6117727276815375e-57,8.670550629683667e-132,1,99.99999222996378
146,846,2021,0.3181818181818182,norris,1,mclaren,0.2857142857142865,0.5,7.5,0.1174603174603175,3.0468749091516933,2,0.9523809523809524,6.619047619047619,22,22,1.0,160.0,Medium,high,-0.7259370033829362,2.629117987712701,98.58641247158123,0.2877042314037204,1.1250614176241323,0.000821879390896276,4.9691702404596176e-21,0,98.58641247158123
147,844,2021,0.2727272727272727,leclerc,6,ferrari,0.1000000000000005,0.5,6.363636363636363,-0.0371428571428571,3.5128336140500593,3,0.9,6.6,22,22,1.0,159.0,High,medium,-0.9315582040049436,2.0173691130374585,88.29812465782385,0.3291170720043711,10.721298342096306,0.6514599280567671,1.8710841336830482e-11,0,88.29812465782385
148,832,2021,0.1363636363636363,sainz,6,ferrari,1.4090909090909092,1.0,6.363636363636363,-0.0214285714285714,2.388419028258119,6,0.9090909090909092,6.5,22,22,1.0,163.5,Medium,medium,-1.7176514970743335,2.104134154270207,57.083510271666945,42.881960831111655,0.00544657121543455,0.029082326005907183,2.9657782760735924e-24,0,57.083510271666945
149,817,2021,0.4090909090909091,ricciardo,1,mclaren,1.5238095238095235,0.25,7.5,-0.0793650793650793,3.490187086058799,7,0.6190476190476191,8.095238095238095,22,22,1.0,114.0,High,low,-0.3513978868378886,0.46361597935391,36.18687169537879,0.7672232254759196,0.07965509419851251,62.96624998488397,6.281169820258739e-11,3,62.96624998488397
150,840,2021,0.5454545454545454,stroll,117,aston_martin,2.0,0.25,10.642857142857142,-0.0137760508654185,3.171898773330392,4,0.4736842105263157,10.789473684210526,22,22,1.0,34.0,High,medium,0.1743533871447776,-0.1007716898298471,47.719164847635184,0.0001913934464737589,1.9073912127953716e-06,52.27843906174684,0.0022027897802567023,3,52.27843906174684
151,4,2021,0.5,alonso,214,alpine,1.0999999999999996,0.75,9.142857142857142,0.0101562499999998,3.5139009661628204,7,0.75,9.05,22,22,1.0,81.0,High,medium,0.0,1.0414538748281608,49.7133395588698,0.011008895306863409,1.161423273758461e-06,50.27565038440005,3.453773912076303e-17,3,50.27565038440005
152,815,2021,0.2272727272727272,perez,9,red_bull,-2.1999999999999993,1.0,4.545454545454546,-0.4519999999999998,4.8207883172775805,7,0.8,6.6,22,22,1.0,190.0,High,low,-1.1574527886910435,1.3066767331551992,80.54638992934862,0.002914203791485001,19.45069586685965,5.099054108030686e-14,1.1491316726997703e-13,0,80.54638992934862
153,8,2021,0.75,raikkonen,51,alfa,0.5555555555555554,0.75,12.785714285714286,0.0223463687150838,2.7131367660166177,7,0.2222222222222222,12.5,20,22,0.9090909090909092,10.0,Medium,medium,1.0360919316867758,-1.1777903183802922,0.48301268904675854,2.287020504253337e-08,4.956694087275934e-15,99.51698728808303,5.942437680184924e-15,3,99.51698728808303
154,841,2021,0.8181818181818182,giovinazzi,51,alfa,-0.1428571428571423,0.25,12.785714285714286,-0.0093109869646182,1.8491893179950092,4,0.0952380952380952,12.904761904761903,22,22,1.0,3.0,Low,medium,1.4136933353080052,-2.0620900363686365,18.632490990159177,7.791229006422267e-10,3.031501569111002e-10,81.08560370484278,0.2819053039157263,3,81.08560370484278
155,854,2021,0.8636363636363636,mick_schumacher,210,haas,1.3684210526315788,0.25,16.88095238095238,0.0241259000816568,1.9020327367992265,0,0.0,16.473684210526315,22,22,1.0,0.0,Low,medium,1.717651497074333,-3.80666248977032,0.2669378857172279,2.709441186558313e-18,1.5830830444622408e-18,0.01713272440471401,99.71592938987807,4,99.71592938987807
156,853,2021,0.9090909090909092,mazepin,210,haas,0.625,0.25,16.88095238095238,-0.0551833568406206,1.4238482187368149,0,0.0,17.8125,22,22,1.0,0.0,Low,low,2.104134154270207,-3.80666248977032,0.20943056330266427,1.8760656683128449e-19,2.4338621575866457e-18,0.005890063542000019,99.7846793731553,4,99.7846793731553
157,847,2021,0.8181818181818182,russell,3,williams,0.2352941176470597,0.25,14.075,0.1056315954445721,3.6951291234210375,2,0.2352941176470588,12.588235294117649,22,22,1.0,16.0,High,high,1.4136933353080052,-1.1157359947467014,3.632563588844838,2.581802001132049e-12,6.655466402887576e-09,95.63689087501753,0.7305455294795773,3,95.63689087501753
158,849,2021,0.7727272727272727,latifi,3,williams,0.0526315789473681,0.0,14.075,-0.0731980929232495,3.1270422689500945,1,0.1052631578947368,15.105263157894736,22,22,1.0,7.0,Medium,low,1.1574527886910433,-1.9696579669053504,0.6781161965924054,9.376115487905916e-14,7.58885335288874e-09,0.24203774955784602,99.07984604626084,4,99.07984604626084
159,9,2021,0.5,kubica,51,alfa,2.0,0.3333333333333333,12.785714285714286,-0.1340782122905027,0.5,2,0.0,14.5,2,22,0.0909090909090909,0.0,Low,low,0.0,-1.6094379124341005,92.56588183541025,1.4343071998104862e-06,1.3949420374746517e-12,1.5355393670529145,5.898577363228236,0,92.56588183541025
160,807,2017,0.7,hulkenberg,4,renault,-1.0,0.3333333333333333,10.305555555555555,0.0227185213708124,3.594922723474748,3,0.5714285714285714,10.071428571428571,20,20,1.0,43.0,High,medium,0.8023464725249373,0.2738067259581637,15.002739928126932,6.430660716778611e-08,0.001376032717734719,84.99428477458844,0.0015992002602900428,3,84.99428477458844
161,838,2017,0.85,vandoorne,1,mclaren,2.428571428571429,0.0,11.694444444444445,-0.0016966406515099,2.249716535431946,1,0.2142857142857142,11.714285714285714,20,20,1.0,13.0,Low,medium,1.6094379124341007,-1.2202573980904372,80.76798506087152,2.285190232635477e-07,2.1898553517176206e-10,1.8280050242237877,17.404009686166667,0,80.76798506087152
162,840,2019,0.7142857142857143,stroll,211,racing_point,3.3684210526315788,0.3333333333333333,10.857142857142858,-0.1101108033240996,3.3002979803349226,2,0.3157894736842105,12.052631578947368,21,21,1.0,21.0,High,low,0.8690378470236096,-0.7347069102667403,45.38561549905529,4.003188333331773e-05,3.48781316842515e-08,0.786530594828374,53.82781383935482,4,53.82781383935482
163,839,2017,0.45,ocon,10,force_india,1.5263157894736832,0.3333333333333333,7.9,-0.00599600266489,2.012426767821596,1,0.9473684210526316,7.947368421052632,20,20,1.0,87.0,Low,medium,-0.1910552367627092,2.5277604770424835,98.29810651462967,1.0373303878668851,0.012382444383437701,0.6521806531129621,7.0774076449753036e-12,0,98.29810651462967
164,846,2020,0.2941176470588235,norris,1,mclaren,1.0,0.6666666666666666,7.4411764705882355,-0.0499011857707509,3.503904072602445,1,0.8125,7.8125,17,17,1.0,97.0,High,low,-0.8209805520698303,1.35618455964852,87.15868559165533,0.026714160984343895,0.9831285664143433,11.831469179528451,2.5014175373795536e-06,0,87.15868559165533
165,851,2020,0.0,aitken,3,williams,1.0,0.3333333333333333,14.941176470588236,-0.0708661417322834,0.0,0,0.0,16.0,1,17,0.0588235294117647,0.0,Low,low,-1.0986122886681098,-1.0986122886681098,99.93970004541845,1.1120076403105811e-08,4.209452954776782e-12,0.060057494769572145,0.00024244868771690738,0,99.93970004541845
166,1,2021,0.0454545454545454,hamilton,131,mercedes,0.2857142857142856,0.75,3.7045454545454546,0.2544551562956471,3.1153194731040244,7,0.9523809523809524,2.761904761904762,22,22,1.0,385.5,Medium,high,-2.6625878270254537,2.629117987712701,0.122127186212663,99.83834865541505,0.0395241583722801,2.0823495278847887e-21,3.8171057148533586e-72,1,99.83834865541505
167,20,2021,0.7272727272727273,vettel,117,aston_martin,0.0526315789473681,0.5,10.642857142857142,-0.0385022960084775,4.019343808849849,7,0.3684210526315789,11.052631578947368,22,22,1.0,43.0,High,medium,0.9315582040049432,-0.514488631524728,11.111550183120478,2.706731580962549e-06,4.839913854910772e-07,88.88844662615531,1.274578515330158e-12,3,88.88844662615531
168,822,2021,0.2272727272727272,bottas,131,mercedes,0.7777777777777777,0.75,3.7045454545454546,-0.3496932515337423,3.815174380753199,7,0.8333333333333334,5.0,22,22,1.0,219.0,High,low,-1.1574527886910435,1.5085119938441405,7.0657182855984475,1.2059268613289746,91.72834834766724,6.505377979085407e-06,2.7331078137911758e-11,2,91.72834834766724
169,844,2022,0.1363636363636363,leclerc,6,ferrari,1.052631578947368,0.3333333333333333,3.380952380952381,0.0192735359525574,1.7487629185090685,4,1.0,3.3157894736842106,22,22,1.0,291.0,Low,medium,-1.7176514970743335,3.806662489770321,0.002617789766364862,99.79129263548663,0.20608957473885756,8.123492946377589e-12,7.093120400140367e-41,1,99.79129263548663
170,832,2022,0.2727272727272727,sainz,6,ferrari,1.5,0.3333333333333333,3.380952380952381,-0.0352112676056338,1.5811388300841898,7,1.0,3.5,22,22,1.0,228.0,Low,medium,-0.9315582040049436,3.806662489770321,0.00631806792167875,99.79326864239134,0.20041317772109576,1.1196585743181398e-07,4.617953118916881e-33,1,99.79326864239134
171,1,2022,0.1363636363636363,hamilton,131,mercedes,1.2380952380952372,1.0,4.818181818181818,-0.1168014375561545,4.052937682086326,8,0.9047619047619048,5.380952380952381,22,22,1.0,233.0,High,low,-1.7176514970743335,2.062090036368636,90.79685672750163,8.986839106139746,0.20618037705610473,0.010123789302517549,4.213467421142175e-25,0,90.79685672750163
172,847,2022,0.0909090909090909,russell,131,mercedes,0.9523809523809516,1.0,4.818181818181818,0.0907457322551661,2.5537309862460806,3,0.9523809523809524,4.380952380952381,22,22,1.0,262.0,Medium,high,-2.104134154270207,2.629117987712701,6.75106754386095,91.67571753978353,1.5732149109780629,5.377438705660437e-09,3.6755184242484683e-38,1,91.67571753978353
173,825,2022,0.5909090909090909,kevin_magnussen,210,haas,-0.5,0.3333333333333333,13.428571428571429,0.0195035460992908,3.745367509040705,8,0.3333333333333333,13.166666666666666,22,22,1.0,21.0,High,medium,0.3513978868378888,-0.6607119048067913,0.020849878429068765,3.707735509497595e-09,2.1569728916870775e-10,99.97915011764748,5.3943768441084914e-20,3,99.97915011764748
174,822,2022,0.5,bottas,51,alfa,-0.1764705882352952,0.6666666666666666,11.523809523809524,0.0964997569275643,3.8814615732526168,8,0.5294117647058824,10.411764705882351,22,22,1.0,47.0,High,high,0.0,0.1126509489205052,1.2980440872813783,7.514613055841981e-06,5.645571929117688e-10,98.70194839754097,2.0034284364584642e-25,3,98.70194839754097
175,4,2022,0.4545454545454545,alonso,214,alpine,1.3529411764705888,0.3333333333333333,8.428571428571429,-0.0259222333000996,3.833922526305958,8,0.8235294117647058,8.647058823529411,22,22,1.0,81.0,High,medium,-0.174353387144778,1.446524116198717,19.597974969396954,0.14959063108469928,0.0027652399775965402,80.24966915954073,3.430239541070174e-17,3,80.24966915954073
176,855,2022,0.5454545454545454,zhou,51,alfa,0.352941176470587,0.3333333333333333,11.523809523809524,-0.1178901312591152,2.3734401178625903,0,0.1764705882352941,12.882352941176473,22,22,1.0,6.0,Medium,low,0.1743533871447776,-1.4465241161987172,52.64014268969191,9.882193776041896e-09,6.647144367701409e-06,14.19129031431897,33.168560338962585,0,52.64014268969191
177,854,2022,0.5909090909090909,mick_schumacher,210,haas,0.473684210526315,0.6666666666666666,13.428571428571429,-0.01511758118701,2.832341904647097,1,0.1052631578947368,13.63157894736842,22,22,1.0,12.0,Medium,medium,0.3513978868378888,-1.9696579669053504,3.2435127841783005,2.4916110478984346e-11,1.8684169836925295e-09,62.524847273915874,34.23163994001246,3,62.524847273915874
178,840,2022,0.4090909090909091,stroll,117,aston_martin,3.3500000000000014,0.3333333333333333,11.142857142857142,-0.0275641025641025,2.376446927663229,5,0.4,11.45,22,22,1.0,18.0,Medium,medium,-0.3513978868378886,-0.3873814326748687,66.07939995312093,0.005013542557424583,7.457388763175483e-10,33.91557545888421,1.1044691740813752e-05,0,66.07939995312093
179,848,2022,0.5714285714285714,albon,3,williams,2.6470588235294112,0.6666666666666666,13.928571428571429,0.0835595776772246,2.2629863601966287,3,0.1764705882352941,12.764705882352942,21,22,0.9545454545454546,4.0,Low,high,0.2744368457017605,-1.4423838277709344,34.271626549301956,2.801621547646115e-07,1.2358271923781693e-14,65.72720658758982,0.001166582946035089,3,65.72720658758982
180,817,2022,0.3636363636363636,ricciardo,1,mclaren,0.0526315789473681,0.6666666666666666,9.61904761904762,-0.2092235539343408,3.659314378056568,8,0.3684210526315789,11.63157894736842,22,22,1.0,34.0,High,low,-0.5340824859302581,-0.514488631524728,99.42087916515581,0.0007969253344174453,8.606584617644275e-05,0.5782378436635759,1.6740946211447684e-14,0,99.42087916515581
181,846,2022,0.1818181818181818,norris,1,mclaren,0.3500000000000005,0.3333333333333333,9.61904761904762,0.189108910891089,3.0919249667480613,3,0.85,7.8,22,22,1.0,116.0,Medium,high,-1.413693335308005,1.6199092123013954,99.85646045907565,0.06469976167306463,0.07820061063579552,0.0006391686154889886,2.7666405649507088e-21,0,99.85646045907565
182,849,2022,0.6818181818181818,latifi,3,williams,1.6111111111111107,0.0,13.928571428571429,-0.1327635327635328,2.3227272178185414,2,0.0555555555555555,15.77777777777778,22,22,1.0,2.0,Low,low,0.7259370033829357,-2.5140477846955007,7.794536513696791,2.3282240599048418e-10,2.7320341022837958e-11,0.056670351963615063,92.14879313407948,4,92.14879313407948
183,807,2022,0.0,hulkenberg,117,aston_martin,2.5,0.3333333333333333,11.142857142857142,-0.3012820512820513,2.5,8,0.0,14.5,2,22,0.0909090909090909,0.0,Medium,low,-1.6094379124341005,-1.6094379124341005,99.86891513924613,0.040559445521763694,2.0359597041212075e-06,0.09052337924899513,2.3417510987566315e-11,0,99.86891513924613
184,815,2022,0.1363636363636363,perez,9,red_bull,0.4500000000000002,0.3333333333333333,3.25,-0.2153846153846154,3.5982634700644147,8,0.95,3.95,22,22,1.0,291.0,High,low,-1.7176514970743335,2.5933872927820696,0.040955672241701824,2.322310140498083,97.63652116035168,0.00021302690851940766,2.870133866502556e-20,2,97.63652116035168
185,830,2022,0.0909090909090909,max_verstappen,9,red_bull,0.666666666666667,0.6666666666666666,3.25,0.1355311355311356,4.124480314958568,7,0.9523809523809524,2.8095238095238093,22,22,1.0,433.0,High,high,-2.104134154270207,2.629117987712701,2.49293982282595,93.84477444796939,3.6622857292008724,3.796621694351229e-12,1.785498871882017e-51,1,93.84477444796939
186,20,2022,0.35,vettel,117,aston_martin,1.8888888888888893,0.0,11.142857142857142,0.0527065527065526,3.166179299727779,8,0.5555555555555556,10.555555555555555,20,22,0.9090909090909092,37.0,Medium,high,-0.587786664902119,0.2124355370417375,0.41105398036469776,0.0103618339361501,2.6305944893013096e-06,99.5785815551047,7.196090906064726e-18,3,99.5785815551047
187,815,2023,0.1363636363636363,perez,9,red_bull,3.2,0.75,2.727272727272727,-0.6500000000000001,3.442382895611701,9,0.95,4.5,22,22,1.0,260.0,High,low,-1.7176514970743335,2.5933872927820696,1.9941307503836397e-05,0.003956496740170931,99.99602356195231,1.3271299797425434e-17,4.4298511738281946e-17,2,99.99602356195231
188,830,2023,0.0,max_verstappen,9,red_bull,1.909090909090909,1.0,2.727272727272727,0.5333333333333333,0.8624393618641034,8,1.0,1.2727272727272727,22,22,1.0,530.0,Low,high,-3.80666248977032,3.806662489770321,3.87176709343811e-09,99.99999999151345,4.614809820190672e-09,2.2460077864152742e-73,1.747756900277178e-172,1,99.99999999151345
189,4,2023,0.0909090909090909,alonso,117,aston_martin,0.4000000000000003,0.5,7.545454545454546,0.2578313253012049,3.246536616149585,9,0.95,5.6,22,22,1.0,198.0,High,high,-2.104134154270207,2.5933872927820696,0.7784121240316912,99.21936491027994,0.002222965543202041,1.452419500082056e-10,1.3875418139424224e-57,1,99.21936491027994
190,847,2023,0.1818181818181818,russell,131,mercedes,0.1052631578947362,0.25,5.590909090909091,-0.1861360718870347,3.6879680087062847,4,0.8947368421052632,6.631578947368421,22,22,1.0,157.0,High,low,-1.413693335308005,1.969657966905351,6.955635147419861,1.3657915879427787,91.48093016013583,0.1976418989362696,1.2055652402750249e-06,2,91.48093016013583
191,1,2023,0.0909090909090909,hamilton,131,mercedes,1.5,0.25,5.590909090909091,0.1235772357723576,2.046948949045872,9,1.0,4.9,22,22,1.0,217.0,Low,high,-2.104134154270207,3.806662489770321,0.0008112063956913435,99.96778797118353,0.03140082241663628,4.073580039577766e-12,2.561700416950686e-51,1,99.96778797118353
192,832,2023,0.1363636363636363,sainz,6,ferrari,-0.75,1.0,5.613636363636363,-0.1222672064777328,3.5930488446443363,8,0.9,6.3,22,22,1.0,178.0,High,low,-1.7176514970743335,2.0173691130374585,99.42173835411506,0.5151879979469279,0.05537643178513301,0.007697216152864015,4.424711869737357e-25,0,99.42173835411506
193,844,2023,0.2272727272727272,leclerc,6,ferrari,0.235294117647058,0.75,5.613636363636363,0.1302691116932601,2.517757006945023,5,0.9411764705882352,4.882352941176471,22,22,1.0,185.0,Medium,high,-1.1574527886910435,2.469765273111637,71.49546423497608,28.317203809572707,0.1873315652425761,3.9020861234643784e-07,4.300264750378815e-34,0,71.49546423497608
194,807,2023,0.5454545454545454,hulkenberg,210,haas,-4.523809523809524,0.5,14.568181818181818,0.0193893470024514,2.6572964625340396,9,0.0476190476190476,14.285714285714286,22,22,1.0,6.0,Medium,medium,0.1743533871447776,-2.629117987712701,2.1207103070852167e-06,1.573902524515942e-15,3.075262645054482e-13,99.99999787928931,8.796585712971878e-28,3,99.99999787928931
195,855,2023,0.4545454545454545,zhou,51,alfa,1.052631578947368,0.25,13.476190476190476,0.0040915008368979,2.391119303494853,1,0.1578947368421052,13.421052631578949,22,22,1.0,6.0,Medium,medium,-0.174353387144778,-1.566129385343841,62.310391615934876,4.050294947467323e-09,1.292348461827022e-08,27.771353146171702,9.918255220919688,0,62.310391615934876
196,856,2023,0.7,de_vries,213,alphatauri,-1.2222222222222232,0.0,12.954545454545457,-0.1922027290448343,2.006163342807532,1,0.0,15.444444444444445,10,22,0.4545454545454545,0.0,Low,low,0.7621400520468965,-3.044522437723423,1.3974331904461976,2.076190752072057e-13,1.1913208162524636e-07,0.13007836507636564,98.47248832534511,4,98.47248832534511
197,857,2023,0.3636363636363636,piastri,1,mclaren,-0.2105263157894743,0.25,8.522727272727273,-0.1301052631578946,4.462835142252649,0,0.5789473684210527,9.63157894736842,22,22,1.0,82.0,High,low,-0.5340824859302581,0.304388107492304,89.8527825268893,3.058375721194371e-05,8.501231341143207,0.9673008420271603,0.6786547061831718,0,89.8527825268893
198,858,2023,0.5909090909090909,sargeant,3,williams,1.882352941176471,0.5,12.785714285714286,-0.1731843575418993,2.9104275004359965,0,0.0588235294117647,15.0,22,22,1.0,1.0,Medium,low,0.3513978868378888,-2.469765273111638,4.512746871280127,6.707545331648195e-10,4.308578054371948e-09,0.03129005720666481,95.45596306653387,4,95.45596306653387
199,846,2023,0.1818181818181818,norris,1,mclaren,0.1904761904761898,0.75,8.522727272727273,0.1283809523809524,5.456070699962858,4,0.7619047619047619,7.428571428571429,22,22,1.0,184.0,High,high,-1.413693335308005,1.1013747213640188,99.76573462675262,0.0021587759288329046,0.028813933346004524,0.20329266397255857,3.3909500835613132e-18,0,99.76573462675262
200,822,2023,0.4545454545454545,bottas,51,alfa,-0.947368421052632,0.0,13.476190476190476,0.0079970243630277,3.436805835224107,9,0.2105263157894736,13.36842105263158,22,22,1.0,10.0,High,medium,-0.174353387144778,-1.24762156899495,6.144720830076667e-05,2.2166426746695173e-09,6.9627575129188875e-09,99.99993854361234,7.221677139298305e-23,3,99.99993854361234
201,848,2023,0.3181818181818182,albon,3,williams,0.6666666666666679,0.5,12.785714285714286,0.1309745499689634,2.6434171674156266,4,0.3888888888888889,11.11111111111111,22,22,1.0,25.0,Medium,high,-0.7259370033829362,-0.4317027383250216,88.69404499544814,9.098836376379416e-06,3.8725891995856074e-08,11.305945866950376,3.922229745272056e-11,0,88.69404499544814
202,840,2023,0.2727272727272727,stroll,117,aston_martin,1.0,0.75,7.545454545454546,-0.2369477911646586,3.636237371545238,6,0.6666666666666666,9.333333333333334,22,22,1.0,68.0,High,low,-0.9315582040049436,0.6607119048067911,99.82992278877822,0.06048647194534718,0.051333713259618295,0.05825683917511139,1.8684173879272125e-07,0,99.82992278877822
203,817,2023,0.4285714285714285,ricciardo,213,alphatauri,1.0,0.3333333333333333,12.954545454545457,0.018546365914787,2.762725657973388,9,0.1428571428571428,12.714285714285714,7,22,0.3181818181818182,6.0,Medium,medium,-0.2513144282809063,-1.4663370687934274,0.11252253348701599,1.7738722829247689e-06,6.828450361259885e-13,99.88747569264004,1.8790586983530724e-23,3,99.88747569264004
204,830,2024,0.0769230769230769,max_verstappen,9,red_bull,-0.25,0.0,4.0,0.4375,1.8314384146529925,9,1.0,2.25,13,13,1.0,241.0,Low,high,-2.120263536200091,3.2958368660043296,2.7014258675555575e-09,99.9921292217124,0.00787077558615289,5.257994133803878e-36,1.1243168923640883e-95,1,99.9921292217124
205,815,2024,0.2307692307692307,perez,9,red_bull,0.2727272727272725,0.0,4.0,-0.4772727272727273,4.187742838647644,10,0.9090909090909092,5.909090909090909,13,13,1.0,111.0,High,low,-1.09861228866811,1.991200908235478,7.664126488369239e-06,0.001410162391414058,99.99858217348186,1.9110024717809915e-13,4.89277138239757e-19,2,99.99858217348186
206,832,2024,0.0833333333333333,sainz,6,ferrari,0.2727272727272725,1.0,4.583333333333333,0.1074380165289255,1.504813214295168,9,1.0,4.090909090909091,12,13,0.9230769230769232,142.0,Low,high,-2.036881927261041,3.2188758248682015,1.5633169682414652,98.43663145837783,5.157337069299339e-05,9.92459313676841e-12,5.928739149137419e-56,1,98.43663145837783
207,844,2024,0.1538461538461538,leclerc,6,ferrari,-0.166666666666666,0.0,4.583333333333333,-0.0545454545454545,3.6247605284885904,6,0.8333333333333334,4.833333333333333,13,13,1.0,148.0,High,low,-1.5260563034950498,1.4469189829363254,0.07965387962854417,2.8721186647046446,96.73109876002623,0.31712869564048524,4.8876081483875334e-14,2,96.73109876002623
208,847,2024,0.1538461538461538,russell,131,mercedes,0.0,1.0,6.269230769230769,-0.0235173824130879,3.751851394830142,5,0.9166666666666666,6.416666666666667,13,13,1.0,110.0,High,medium,-1.5260563034950498,2.059507326779018,99.58192769868631,0.21928683413807482,0.07486685905050126,0.12391860812508092,1.3470035872086111e-17,0,99.58192769868631
209,846,2024,0.0769230769230769,norris,1,mclaren,-1.2307692307692304,0.0,5.0,0.076923076923077,4.828416869684681,5,0.9230769230769232,4.615384615384615,13,13,1.0,180.0,High,high,-2.120263536200091,2.120263536200093,0.03696259026987146,0.14912854127813727,99.80931689299068,0.004591975461382166,2.7313323206463255e-20,2,99.80931689299068
210,1,2024,0.0769230769230769,hamilton,131,mercedes,1.583333333333333,1.0,6.269230769230769,0.0961145194274028,2.560381915956203,10,1.0,5.666666666666667,13,13,1.0,115.0,Medium,high,-2.120263536200091,3.2958368660043296,8.12923827433971,91.87075277273811,9.645623922150725e-07,7.98835977350026e-06,2.2929583469455333e-51,1,91.87075277273811
211,857,2024,0.0,piastri,1,mclaren,-0.0769230769230775,1.0,5.0,-0.076923076923077,3.1753488370077374,1,0.9230769230769232,5.384615384615385,13,13,1.0,137.0,High,low,-3.295836866004329,2.120263536200093,10.554480466064568,1.5529213714326462,87.89044693763006,0.002151224872753802,2.243280308824385e-19,2,87.89044693763006
212,4,2024,0.3076923076923077,alonso,117,aston_martin,-0.3076923076923084,0.0,10.307692307692308,0.0373134328358209,4.177992496615468,10,0.6153846153846154,9.923076923076923,13,13,1.0,45.0,High,high,-0.7472144018302209,0.4353180712578454,0.0003476283678146819,0.00010240813866486221,0.00022434283492740755,99.99932562065851,1.1729809263413546e-29,3,99.99932562065851
213,855,2024,0.8461538461538461,zhou,15,sauber,0.6666666666666661,0.0,15.384615384615383,-0.0020833333333332,2.2157893000513886,2,0.0,15.416666666666666,13,13,1.0,0.0,Low,medium,1.526056303495049,-3.295836866004329,1.0348544906453265,8.561880911687745e-15,6.193189142234488e-14,0.4387363758834015,98.52640913347118,4,98.52640913347118
214,825,2024,0.5384615384615384,kevin_magnussen,210,haas,2.416666666666668,1.0,11.791666666666666,-0.1166077738515901,2.939198681424733,10,0.1666666666666666,13.166666666666666,13,13,1.0,5.0,Medium,low,0.1431008436406732,-1.4469189829363258,2.4425789091374948,0.00042620576598653427,1.3188685937814573e-17,97.55699488509644,1.5286721931007572e-27,3,97.55699488509644
215,817,2024,0.7692307692307693,ricciardo,215,rb,0.6363636363636367,1.0,11.875,-0.0564593301435406,2.3105936412979697,10,0.1818181818181818,12.545454545454543,13,13,1.0,6.0,Low,low,1.0986122886681098,-1.3581234841531944,0.0866520093259673,9.446365629334413e-07,3.6917213678868624e-19,99.91334704603743,5.288135880078183e-28,3,99.91334704603743
216,848,2024,0.6923076923076923,albon,3,williams,-2.0,0.0,15.26086956521739,0.135042735042735,3.1559467676119,5,0.2,13.2,13,13,1.0,4.0,Medium,high,0.7472144018302214,-1.2573606777439974,0.0018601548002918475,1.212445516516076e-13,1.7096070558868767e-08,99.9981398238432,4.260241372583658e-09,3,99.9981398238432
217,807,2024,0.3846153846153846,hulkenberg,210,haas,1.0,1.0,11.791666666666666,0.1166077738515901,2.5967394084804805,10,0.4166666666666667,10.416666666666666,13,13,1.0,20.0,Medium,high,-0.4353180712578456,-0.3120311014620674,3.97126215195868,0.006940704054617658,9.78906036404251e-17,96.02179714398673,4.271516625923089e-39,3,96.02179714398673
218,858,2024,0.8333333333333334,sargeant,3,williams,0.6999999999999993,0.0,15.26086956521739,-0.0943019943019943,2.6476404589747453,1,0.0,16.7,12,13,0.9230769230769232,0.0,Medium,low,1.4350845252893227,-3.218875824868201,1.2121201106650847,3.38676995113186e-15,2.3435129581129924e-12,0.020398975117764746,98.76748091421484,4,98.76748091421484
219,842,2020,0.4117647058823529,gasly,213,alphatauri,2.0,0.6666666666666666,9.294117647058824,0.1084990958408679,3.3896601479156208,3,0.7142857142857143,8.285714285714286,17,17,1.0,75.0,High,high,-0.3364722366212128,0.8586616190375185,93.06494367459737,0.006919893614987413,2.1380736332381873e-05,6.928115050965403,8.592391998788052e-11,0,93.06494367459737
220,839,2020,0.4705882352941176,ocon,4,renault,2.23076923076923,0.3333333333333333,7.117647058823529,-0.1671964399237128,3.047940424024454,4,0.7692307692307693,8.307692307692308,17,17,1.0,62.0,Medium,low,-0.1112256351102244,1.1215359285700472,89.73860498151086,1.3468081713452766,0.06622139843009622,8.822245742045993,0.026119706667734808,0,89.73860498151086
221,839,2021,0.5909090909090909,ocon,214,alpine,1.105263157894738,0.25,9.142857142857142,-0.0016447368421052,3.422266990949234,5,0.7368421052631579,9.157894736842104,22,22,1.0,74.0,High,medium,0.3513978868378888,0.9771614469611808,36.15761498245942,0.00407308061406499,0.0012650117644000607,63.837046499189086,4.259729948976001e-07,3,63.837046499189086
222,852,2021,0.6818181818181818,tsunoda,213,alphatauri,-0.2777777777777768,0.25,9.404761904761903,-0.2464135021097045,3.555989556845613,0,0.3888888888888889,11.72222222222222,22,22,1.0,32.0,High,low,0.7259370033829357,-0.4317027383250216,96.3901084524762,1.0865684368755188e-06,0.22488732014793786,0.01173428292407204,3.3732688578832755,0,96.3901084524762
223,852,2022,0.6363636363636364,tsunoda,213,alphatauri,-1.1875,0.0,12.022727272727272,-0.0864839319470698,3.2301073898556383,1,0.25,13.0625,22,22,1.0,12.0,High,low,0.5340824859302581,-1.041453874828161,1.7270540236188843,2.9879256338594824e-11,0.0002051554491691772,6.936569278239227,91.33617154266287,4,91.33617154266287
224,842,2022,0.4090909090909091,gasly,213,alphatauri,-0.5789473684210531,0.3333333333333333,12.022727272727272,0.0369117500746194,2.9436066219178025,5,0.3157894736842105,11.578947368421051,22,22,1.0,23.0,Medium,high,-0.3513978868378886,-0.7363691197628608,3.5686429162567457,1.6489076819908998e-07,1.4233833732171504e-06,96.43135548248358,1.2985511919539298e-08,3,96.43135548248358
225,839,2023,0.4090909090909091,ocon,214,alpine,0.75,0.25,9.952380952380953,0.0642942583732057,3.21556274235164,7,0.75,9.3125,22,22,1.0,56.0,High,high,-0.3513978868378886,1.0414538748281608,14.615697456563897,0.022207001366641287,0.00023938330881528806,85.36185615876065,1.5085431385042832e-16,3,85.36185615876065
226,842,2023,0.1363636363636363,gasly,214,alpine,0.7142857142857153,0.5,9.952380952380953,-0.0287081339712917,3.36515423696281,6,0.5238095238095238,10.238095238095235,22,22,1.0,54.0,High,medium,-1.7176514970743335,0.0911603862787113,42.508884447730985,0.0042049042602109584,0.00024911342993093186,57.486661534576974,1.8853712621641727e-12,3,57.486661534576974
227,852,2023,0.3636363636363636,tsunoda,213,alphatauri,1.3499999999999996,0.5,12.954545454545457,0.0312280701754385,3.0899029110960745,2,0.3,12.55,22,22,1.0,14.0,Medium,high,-0.5340824859302581,-0.8062243251789161,28.207340664551943,9.514984969683584e-08,3.512619583311838e-08,71.744231484874,0.0484277202980231,3,71.744231484874
228,852,2024,0.6153846153846154,tsunoda,215,rb,-1.0,0.0,11.875,0.0385964912280702,3.5697416651006493,3,0.5833333333333334,11.416666666666666,13,13,1.0,21.0,High,high,0.4353180712578454,0.3120311014620676,0.818396808529759,6.116624819847143e-09,0.0007327288292698613,99.16254769415045,0.018322762373860817,3,99.16254769415045
229,839,2024,0.6153846153846154,ocon,214,alpine,1.25,1.0,13.26923076923077,-0.017391304347826,2.7838821814150108,8,0.25,13.5,13,13,1.0,3.0,Medium,medium,0.4353180712578454,-1.005521865602098,0.1043425473196855,2.179299427309467e-07,2.1604833860128676e-18,99.89565723475036,1.6371865725565696e-20,3,99.89565723475036
230,842,2024,0.6153846153846154,gasly,214,alpine,1.5,1.0,13.26923076923077,0.0504347826086957,3.039736830714133,7,0.4,12.6,13,13,1.0,6.0,Medium,high,0.4353180712578454,-0.3757893399620478,0.14973002076784417,3.8180003877111574e-07,2.031900987421318e-17,99.85026959743215,1.479108827506886e-18,3,99.85026959743215
231,154,2014,0.8947368421052632,grosjean,208,lotus_f1,2.1538461538461533,0.0,13.0,0.0118343195266271,2.8513466142847137,0,0.1538461538461538,12.846153846153848,19,19,1.0,8.0,Medium,medium,1.9459101490553132,-1.5774717203716084,19.841421946415043,9.602501721672126e-11,4.3022546937469075e-11,0.6092975029496924,79.5492805504962,4,79.5492805504962
232,154,2020,0.6,grosjean,210,haas,-1.25,0.6666666666666666,14.9375,0.0181311018131102,2.6562295750848715,6,0.0833333333333333,14.666666666666666,15,17,0.8823529411764706,2.0,Medium,medium,0.3794896217049037,-2.0971411187792373,0.035907018806580884,1.0834745688505691e-12,3.290355718001358e-14,99.96409298118864,3.677997924889858e-12,3,99.96409298118864
233,856,2022,0.0,de_vries,3,williams,-1.0,0.3333333333333333,13.928571428571429,0.3538461538461538,0.0,0,1.0,9.0,1,22,0.0454545454545454,2.0,Low,high,-1.0986122886681098,1.0986122886681098,99.99999732582786,1.504265513291432e-06,1.1699066166051905e-06,1.4706915816330549e-21,1.0013693985858472e-42,0,99.99999732582786
234,822,2024,0.8461538461538461,bottas,15,sauber,-1.833333333333334,0.0,15.384615384615383,-0.0129166666666666,1.8008485654145256,10,0.0,15.583333333333334,13,13,1.0,0.0,Low,medium,1.526056303495049,-3.295836866004329,4.921783306878216e-06,2.516736095159313e-13,2.5525354784799016e-15,99.99999507821643,7.823777044436694e-24,3,99.99999507821643
235,860,2024,0.0,bearman,6,ferrari,4.0,0.3333333333333333,4.583333333333333,-0.5272727272727273,0.0,0,1.0,7.0,1,13,0.0769230769230769,6.0,Low,low,-1.0986122886681098,1.0986122886681098,6.531329612197503e-06,99.99997105321025,4.121486299008308e-08,2.2374245185612657e-05,3.045516742564343e-15,1,99.99997105321025
236,842,2021,0.4090909090909091,gasly,213,alphatauri,-1.1052631578947365,0.5,9.404761904761903,0.177348434377082,3.446464324998926,4,0.7894736842105263,7.736842105263157,22,22,1.0,110.0,High,high,-0.3513978868378886,1.2476215689949492,99.90364150138976,0.0006156529194148362,0.03335606972000422,0.0623867759708132,2.0500171906266863e-19,0,99.90364150138976
237,839,2022,0.2272727272727272,ocon,214,alpine,2.0,1.0,8.428571428571429,0.0271186440677967,2.3790754506740637,6,0.8,8.2,22,22,1.0,89.0,Medium,medium,-1.1574527886910435,1.3066767331551992,92.22892921859159,3.9191973069414776,8.821704614316506e-07,3.851872592296559,7.458928951873535e-20,0,92.22892921859159
238,859,2023,0.4,lawson,213,alphatauri,1.6000000000000014,0.3333333333333333,12.954545454545457,0.0582456140350878,2.7129319932501077,0,0.2,12.2,5,22,0.2272727272727272,2.0,Medium,high,-0.3364722366212128,-1.0986122886681098,78.22392204075645,2.0599859820134722e-08,4.6792751177712294e-08,21.509010387392813,0.2670675044581539,0,78.22392204075645
239,20,2020,0.4705882352941176,vettel,6,ferrari,1.4666666666666668,0.3333333333333333,8.866666666666667,-0.1729323308270676,2.9166190472303146,6,0.4666666666666667,10.4,17,17,1.0,33.0,Medium,low,-0.1112256351102244,-0.1260927270321007,87.66021306490424,0.018679762127565818,0.0006632163097842584,12.320360875372568,8.30812858339031e-05,0,87.66021306490424
240,825,2023,0.6818181818181818,kevin_magnussen,210,haas,-3.1111111111111107,0.25,14.568181818181818,-0.0220142139018894,2.922876986214646,9,0.1666666666666666,14.88888888888889,22,22,1.0,3.0,Medium,medium,0.7259370033829357,-1.5085119938441405,9.612752256555559e-06,9.803313976874582e-14,1.5537007378670324e-11,99.9999903872321,2.7170263269381645e-23,3,99.9999903872321
241,840,2024,0.3846153846153846,stroll,117,aston_martin,0.5833333333333339,0.0,10.307692307692308,-0.0833333333333332,3.387066905483596,7,0.5,11.166666666666666,13,13,1.0,24.0,High,low,-0.4353180712578456,0.0,0.8628816124326293,0.0007053470422484977,0.0019683547190627636,99.13444468191977,3.886280704895472e-09,3,99.13444468191977
242,835,2016,0.8571428571428571,jolyon_palmer,4,renault,2.8000000000000007,0.6666666666666666,14.175,-0.0017636684303349,3.0594117081556713,0,0.0666666666666666,14.2,21,21,1.0,1.0,Medium,medium,1.6650077635889111,-2.3588659288926364,0.01688173371908283,1.7095608378284192e-13,5.930997995722422e-16,0.18077507212944405,99.8023431941513,4,99.8023431941513
