PC1,PC2,PC3,PC4,PC5
-3.2945884904081937,0.8001835194898937,-2.3500291506266024,-0.27756489800747847,-1.7517534893959523
-0.7211542750552343,-0.05984635856809997,0.16701269316650533,0.10400287279101157,-1.2824618848019327
-2.1575745721684076,-1.8826813489985872,0.7564664566722061,0.41348159913637356,-1.0886111020123266
-2.1113600302709106,-0.6589916859880958,0.08720449365939056,-0.2222485705281965,-1.3345353600298582
-0.5725225110168342,-1.961747029404471,-0.21271661221528745,-1.13962698666446,0.2163503114561785
-0.1980487381417445,0.17862886022762473,-1.0718760535605831,-0.9139098174741137,-1.0273771821316366
0.8675275094174367,-1.0175742166892177,0.7000822592710739,-1.1906236037249167,-0.6042458926929204
1.242220665112434,-0.40247589379682724,-0.2190040537242379,-0.0757145661821257,-0.932562301344578
0.0926154367705302,-1.0580759138647893,-1.512727324141947,-0.10661507013686182,0.03474480129046707
3.22167274153901,-0.46532410504908955,-0.03153769847437146,0.39218459869977806,-0.7874941463440823
3.7366261582434297,-1.6726674789247504,0.05933262074628935,-0.520779121538082,0.40010015685163197
3.903093128164459,-0.9913215838274865,-0.004430818158977957,-0.616246704983802,0.24702422427997137
-2.106703974527027,-1.5899607836412821,-1.6038859738104512,-0.5766926984196077,-0.17600952522729899
-3.544119899863698,-3.9769769164458166,0.4233140072978373,-0.8513106080710369,-0.04740687841040417
-2.597910960066717,-2.5409168143125824,0.20977525909235084,-1.1629049027604177,-0.16956895775941036
1.6744224108022658,-0.3614587534967881,0.19056934459531988,-0.22044155811090543,-0.8012057288435319
2.8660252598334406,0.524985304489935,0.49332826629664833,0.16341508211858582,-1.49657995345574
2.285555224149677,-1.0706684479974502,-1.8032370511968794,1.929588518688836,0.11281867485645382
3.73784932647199,-1.804108041155676,0.3560209720917629,-0.3303882702344161,0.3426886045682483
2.715996675178548,-1.6740572183509572,0.7795059146804262,-0.07349987981821907,-0.746363118804716
-4.069153276926744,-2.334265972434801,1.659938408527848,-1.2474381691261904,-1.1295635060301679
-3.4322937162975378,1.4617928066561496,-2.053192217949812,-0.17392681654242576,-1.6719831723024732
-2.8260453817355238,-1.6233879667306879,-0.08499676446790715,-0.3659512032253024,-0.3891631503019185
-1.1019397467879772,1.0470994941890366,-0.7665243379058173,-0.113630921460641,-1.1898737942627295
1.2577466041557526,-1.1886621885381703,0.07446929023949415,-0.9471729981056354,0.006324420700460313
-0.2950935226282249,0.7146805309531662,-0.2548170814520587,-0.9278358581601437,-0.9933016024133707
-0.0234527523726716,0.43878609781476097,-1.2279310706121604,1.1200464991524324,-0.9456648888822413
1.5545076791199886,-0.7953684849240018,-0.4460343162227455,-0.27430438753851283,0.03368681227059956
1.021766151248949,-1.188624287736528,0.057589850186994196,-1.4463504243230774,-0.3578738122814038
0.04457007483823307,-0.3774953394757041,-0.44080874619947413,-0.5267868940673625,-0.332421390864645
1.73365202736698,-0.7737335093738026,-0.014320301588827473,-0.9435504410918097,0.31025083586554897
-1.9323668026633014,-0.8904444347191052,-1.4549124311987385,-1.4310231883237774,-0.17623601659722563
0.21211627378325743,0.5584634995576163,-1.2423754956495263,1.214625253350378,-1.1831905179301396
-0.5310433187389377,-0.5094197905264954,-0.8067282285615328,0.5525945545893388,-0.4107772859342634
1.1254972565518746,-0.25042894339688493,0.04915275018682609,-0.3290017429871184,-0.49334425361533907
2.1200001107293565,-0.8543145723505204,-0.3768418992991879,-0.8042941252460996,0.6474759116822781
3.806693646780897,-1.0204373289942439,0.14378095770081412,0.2264357155145813,-0.09462640353452784
2.755380156844775,-0.8121967301742404,-0.1988730913626614,0.6137583674859693,-0.3433663098500275
-4.246395353170229,-0.8483805116368206,-0.366916297047678,-0.2284871079098681,-1.061765983240377
-4.035347407437197,-1.7065721077229674,-1.259567604918955,1.2328739671847433,-0.35291988706137123
-2.429759722257773,-1.9660163775964952,0.0884014495208911,-1.4090719739275503,0.31001423785814675
-2.967942473815484,-0.42615785708811854,0.377285992573142,-0.8957866128529037,-0.892589494591822
0.10394281295613417,1.0824928374200624,-0.11766767775609029,-0.8653563448849133,-0.6978952855256726
-0.5323823193794397,1.3630038430229552,-0.10718277183063536,-0.019828676691454276,-1.2595674094202267
-0.44350818467374925,0.41604181578013844,0.6983582974223211,-0.5115452784619324,-0.9301017615001969
0.5227947783352541,0.42720508940740604,-0.11109266599928966,0.5859940670174525,-0.9842381812295534
-2.492063440685579,0.2529021132696049,-1.3109060610271315,0.6495693999261477,-1.2373421056101341
2.628939729441298,-1.1183839022106248,0.1077346128232309,-0.5146679340712152,0.924844500906428
-0.49081338100684885,0.23865401609220052,-0.03628466415565016,-0.4765149002430979,-0.3428077320141554
1.1996353198020813,-0.26730962403401515,-0.6713658041166792,-0.29465055107565064,0.3621754608270064
2.9616776154527367,-0.4426152443515904,-1.1677864399898419,2.07988661167963,-0.09917896657267117
3.745867262411073,-1.0179966594187075,-0.2658852582134546,0.5509767068982301,0.7179703548559058
-2.4031376898455945,-0.9170126760625658,-0.5784628173194721,-1.1020530497857943,-0.23690804165260082
3.795621611938113,-0.09793863138240108,-0.7917405322910825,1.8150080318345252,-0.9426549477187641
1.482163001427205,0.37856659527544145,-0.03910024179021361,-1.3679726994457218,0.10978091776488572
2.891150769792273,-0.012329699856804863,-0.6964120462936558,1.860821070827641,-0.9758118963773423
-1.0149146867767855,1.4578778430829331,-1.8168079998330342,0.34035940531713116,-1.6416860821881616
-1.445833466489565,1.2474561612227077,-0.548702172637006,0.8163046612562387,-1.8195958468304578
2.6333859053575654,0.7482740285021224,0.007679160117918478,-0.46093291074145404,-0.44298836446585765
0.6106573885587219,0.1356055841470215,-0.18559254401072459,-0.1942250230394774,-0.013282015656785117
-3.784462982230304,-1.252172166188678,0.3657008428262568,-1.6563867278662068,0.010011624543467388
-3.755847711886815,-1.6371940934404183,0.7622576657099662,0.8216540863879401,-0.6160094991624611
-1.9896050847249576,-1.2195634330237766,-1.3885459545401728,-0.9122560793268628,0.47289392146058606
-2.377083513366482,-2.680648991391028,-0.6074339441759699,-0.05754890259748605,1.119824909394744
-2.4682072794816974,0.7988669774487425,-1.3936163682046026,-0.7473693217606188,-0.5275748607169071
-3.875364799585694,-0.6914061163905324,-1.0084448987324472,0.7765091514634557,-0.5682281170954464
0.3526623631045494,-1.6051888106218413,1.2686105492523798,-0.38501085975036137,0.19919484182067737
1.3727932108347338,-0.30016480124282713,-0.1383099308684934,-0.09451879141718851,0.4624330596438077
-0.7909412560525165,0.07296924213285211,-0.3858904539606368,0.4343581099292948,-0.20909067242346738
1.6593905850124084,-0.14527761079552132,-1.8359948768662857,1.3235695022342095,-0.17411584161540797
0.11248743020931946,-0.48311040845452224,0.08748919364744552,0.8009610538999932,-0.11428452812316106
2.9772787261043048,-0.41087682857871693,0.06771524037776204,0.19333978246219383,0.5700409767861747
1.202831493958325,0.19434641436404512,-0.21207652982902342,0.9386363894962083,0.030392674985900262
1.881532831585681,-0.3018863744056386,0.43039610293280267,-1.2056134038256985,0.3253006735901045
2.3579559172985367,-3.426305591283089,0.23551514651250063,0.7841016843842326,0.4719711648634665
1.1919064325383992,0.34782696165950583,-1.7275636520480249,0.34696411747726785,-0.36417471834677156
0.9760027510325517,0.02979496512741267,0.25913354769353325,-0.219321326917919,0.04890740561805881
0.9649990422300241,-0.40496890572451094,-0.17808317712505922,-0.4649068881070625,-0.7462450793184261
2.9816078807983004,-2.6724607639350575,-1.8304006370024253,-1.0602077343571312,1.5639644878657593
-3.9100010382972332,-0.3340001126243572,-0.1936963080926972,-0.0646631685173493,-0.41304682749223365
-4.380212521301553,-2.1145318999418574,1.4814341745612831,0.08243944133364177,-0.20898614219472617
-3.3157430596206607,-0.7189781944880589,-0.8749316188765098,0.9382281128561463,-0.22095029454945436
-2.0796724870033074,-1.9951395748592127,-1.3759353240614545,-0.4885182346685735,1.5972891248461005
0.7901132166129379,0.05107645658066139,0.22882463393879854,0.3154286183665002,0.6901102994671878
-3.026436590557435,-1.4476947019869602,-1.4475241795675986,1.4495512641441533,0.3414703547709196
-0.201107339466194,-0.5267963130590967,0.3593507286304075,-0.01141779407769119,0.4917202443454415
-2.8168171698276643,-0.4116428632453284,-1.1212546704181323,-2.5907040396827847,0.716081902645167
1.809204171013509,-0.9043985954417127,-0.8772898212676605,-0.036776210052069686,0.8541989510980398
0.21493872648104997,0.022707374459326603,0.3600952460976154,-1.5521261677521923,0.10593616159487287
0.07419513297320199,0.5844138376122401,0.030313007431329163,-0.3856884611473135,0.3072790090511247
0.5680877659061694,-0.211868527135981,-1.028962327167347,1.7020743324151566,-0.8455550936692674
2.398768797318513,-0.6769528917742806,0.01846257512198365,0.16895309633092676,-0.015065851593366548
2.2098432456447754,-0.10210989483731336,-0.5329655124077126,-0.31936915775211533,-0.13684947764401842
0.131177405041914,1.2008334312142013,0.1844270566471083,0.5802766101930535,-0.3484113226592946
1.43259029428724,-0.7258244117462312,-1.1462375704410745,1.0088509620821682,1.315989682185939
2.780146727911466,-0.5887433682476525,-0.5894012766903876,0.8369460667608803,-0.5676496951934539
-3.487760351575056,-1.4017090533310708,0.6117826663757369,-1.4222304257918057,0.6898931540882863
-4.735444305096385,-0.7307963132363418,1.0314391903228541,-0.5086444419828097,-0.16014184156000993
-3.407378294755836,-1.5339156538912906,1.1291428566027597,1.1443447481178874,-0.273209682548765
-2.417807384915328,2.219123306899583,-0.6351836119551555,-0.3400754264411018,-0.4796693021477247
-2.7559470575588625,0.48115824431144977,-0.09333991230767287,-0.06583662434866479,-1.6940648171081383
1.2909141850084502,2.2169002158407256,1.4817886138312557,-0.5125484297004367,-0.7709701994418723
0.37449676473972854,0.7724607082622906,0.5670427713336287,-0.4592126105155758,0.16951111594895413
0.5785154023698714,1.3967122647435433,1.0030768388294835,0.8461314751147117,-0.45934669732137906
0.6951805581364378,-0.15586853603470874,-0.18970956913546078,0.15339350229279275,1.33253352279952
0.17383432184345965,0.42088676070819525,-0.5173456030098202,-0.03545860331493271,-1.46852653704655
0.32529893911277774,0.026185132969864054,0.06490148351585763,1.1540261948663537,0.7065343131713145
-0.1535462678366477,0.04949551154553453,0.8153420299863703,-0.24068899629245905,-1.4092123330611566
1.5926323755474645,1.0974853523973982,-0.5115807805756394,0.29708911713734415,-0.6306709078507861
3.3629981896386227,-0.8502954011304646,0.5496400978267652,0.22160336654794743,-0.6623159580891491
3.134215206603162,0.21924069045250205,0.7965103254443914,-0.36360246798637047,-1.4410982049450198
0.09340099127867717,0.8227129401494815,0.24352009490655432,0.758870329933967,0.13053519735262875
-0.41519989276619196,-0.3896748921438252,0.37399362674581477,0.06956381970498425,0.4920733246262577
-2.8495039101074386,2.566932598137374,-1.0561336533849375,-1.0077358499802094,-0.2912430572498155
0.7092328059302835,-0.6839356278495307,-1.17304381338953,-0.5032128269381708,0.33922242076178966
3.464303349510498,-0.9313792762188104,-0.98266298658665,2.153638067069022,-0.4501415655384462
3.359274367048409,-0.6991966539748046,-0.30306809902788656,1.317861195402694,-0.43917124069877744
3.448112245685287,-0.667247602521027,-0.5096789803948606,0.7993106336852067,-0.04958386761236707
2.8045010298169095,-1.054443701668801,0.30738800833759067,-0.6888167466537874,0.2608185722585704
2.50174491394962,-1.1205621379075126,-2.3299919348401246,1.4128868852749656,0.07508738141675377
0.2986449560964857,-0.4212697128317818,0.06782320024407679,-0.2636182065584125,-0.12997115828001896
1.1157187483712063,0.07467867953308933,-0.08819614927049932,0.8605693914885356,-0.7172571057715701
-0.2377405446902631,2.2327011795559035,-3.675508355995847,-1.6043496612438677,-0.029972247503723383
0.1317664612062012,-0.9697143911686682,-0.2938574423113787,-0.2722116452486752,-0.1029441319497318
1.4103950465730508,0.19285878667880113,-0.10706862161272238,0.04335724655583202,0.10259789738768398
1.0158341810274578,-0.3362419210277721,-0.016028887839594268,-0.020953680173732493,0.4473373653033026
0.5509469562863348,1.6127191449495333,0.09249217640018283,0.36106940320004366,-0.5250862175853007
1.5356656209701798,1.560059234634911,1.1312433282490413,-0.34725129268744404,-0.26669963581998973
-0.7835867168215638,0.21136977844889449,0.4399484276939594,0.8758407686275979,-0.8638463056587034
-4.676408045972141,-1.178069016054427,1.9901609788645647,1.1990127407504938,-0.263215783410792
-1.127871768734915,0.08903100999198203,0.0043514885054520905,0.8253684836296755,0.4485298802025677
-1.7923760111836822,1.6200271555251031,0.07046870378567874,1.4365982835506832,-0.2392888756747217
1.7751361741612324,-0.2917183648691874,-0.790124136545262,0.99304478321592,0.7128511182186997
2.789354118656675,-0.548302368532332,-0.875941310135729,1.0264659758389154,-0.1356589124477593
0.41974277961258305,1.051517446270502,-0.19763709020892745,-0.5029455286769032,1.0080196164269908
-0.8798372821913408,1.3066211503277765,-1.2061264335400836,-1.614980045919738,-0.8317015321428995
1.5937483404493995,-0.27976195538833326,-0.08403867589087713,1.3704395849745044,1.4735626184958
2.3924051058037317,0.529965541117724,1.4733084444396392,-1.226636979511553,-1.1571933824228027
2.104564174646545,0.8003667429945994,0.6898419823469488,1.1473452984048325,0.5186562241560871
-1.0260908039328582,0.29659453273467606,-0.031268115807146425,-0.12882819103987841,-0.3165252022812967
-1.3811429354476237,0.39364257223636057,0.6543430440680837,-0.27864083901486025,0.5878601733102637
-2.9071999926872594,-2.225353122658385,3.0307198735074516,1.0303701501269018,-0.189091014356991
-0.3801649093508182,-2.3503590803944268,-0.07802973189061993,-0.8210963430829386,2.5200530515515167
0.9553836138152968,-2.732507880995616,0.013762539897795871,-0.04791129200096831,-0.08584942946830523
2.5418145634066196,-0.7621407570136348,-0.29308685479916224,-0.6181941171679449,-0.4681862324797509
-4.278440204930148,-1.849020548336199,2.3415404084917597,2.1477619304512046,-0.1702223535131421
-1.5576214931399377,-0.121008943043485,0.39761870216395756,0.02775620862885459,-0.8579599866825907
-1.6042337613039557,0.7142487367670258,-0.20889808018610523,-0.3924551409041171,-0.5348619891904328
-2.132454728614932,0.25166635144492205,-0.6051764539279267,1.3872403386128282,0.5399210176057495
-0.6734440835844756,0.8429680240266524,0.06435177590108702,-0.5999195174644248,1.2928893409257065
0.6967524507143892,0.09282986408781277,0.11084898027043365,-0.3470432612328566,0.6789773003582332
-0.5475889211319757,1.202133666171387,0.05663095960876135,0.9732761771721079,0.7345058197063672
-2.200004344883113,4.044311737226932,-1.7554266343334952,-0.3162415400899343,-0.32986587175411286
1.208300408985905,1.062085120810567,0.5890950732157436,1.2739007937542435,0.6708303950890204
1.9048660655156848,0.05022693747072859,0.9827622030825349,-0.31569184958816393,0.09025157778873719
3.497021224295952,-0.8692858863003805,0.5576805494330905,-0.005033440289784505,-0.514902821374872
3.7525552933025863,-0.7813880673737967,0.46008679756615595,-0.24292930548661057,-0.6285122430114715
1.8129069196359289,0.6297760043604277,1.0240641197801523,-0.20459810384527974,-0.6981309190198415
2.4574562313660078,0.42941775798495085,0.584091875000737,-1.3275538416973405,-0.5796018054205889
1.9000042014590375,-1.533903668154773,-0.27681142245664503,-0.20488551394244503,0.5889620314133405
0.44612334943152704,1.171041943992513,0.771921953736138,-0.532858788651875,-0.8166885333583634
1.940252699739989,-1.2239994195869668,0.12891759491059507,-0.9060198707716021,0.28897980606453033
1.4697383912646012,-0.2656307404835667,-1.0123651477437072,-0.24486279382980852,0.6657276841523614
-0.6286735317068662,-1.16469926962487,-0.28213363635535715,-0.5103310907292754,-0.2470049893060445
-0.8327932588556972,0.38674072402284015,-0.8529044782953425,0.09684204662032864,-0.7965049662929751
1.8765938642121178,-1.9013353202823744,0.2677091056796666,-0.22737870579194663,-0.3064659366973636
-4.251827028948561,0.2517306537060697,1.097501334385621,1.1063686887233966,-0.010839207017146983
0.6011731952606533,1.958120920361912,0.47716725106993746,0.17178038307671975,0.5372224322177634
-2.3511348526203326,1.9313661763825745,-1.7885412072379419,-0.3117321268874817,0.8778945585719333
-3.305713206267164,-1.1698604639114525,0.05827123135897432,-0.6178240040019182,0.2400973004787438
-2.9209177792474352,-0.8544545571730705,0.02368268624145023,-0.4762153602747504,1.3398766292429127
-2.7707112710699175,1.8018080807136523,-1.0121557547738913,1.0676312716064855,0.8508922836219905
-3.0456177279660674,-0.2867474267940033,-0.45008060365578667,1.311051516008532,-0.6594679987887019
1.0038056730621294,1.9751454054191877,1.430852064941762,-0.010405271588932879,0.7076606646465501
0.0021554382026108126,1.9211103463405814,1.130075362733508,0.9695679479504796,0.48467210727745913
-0.6739128443300015,1.2334598555993868,0.3580117206371279,-0.21375189941648054,1.3717943011946376
1.5466272499352052,-0.07885541364185922,-0.2741192604053202,-0.6992380018433604,-0.795511228584951
1.733957255072135,0.4112693446192731,-0.058606484869671134,0.6086093167306829,-0.8917418275127881
0.813371805007917,-0.6182945839514846,-0.1599916843651226,0.15173103739400082,1.5079831524301437
1.5889308814708043,-0.6300799869650608,0.07883898035119269,1.2989235950525737,0.3837757095764799
0.13713009297129322,2.3291415424792024,-0.3159341301052037,0.178162228927756,0.9637491028633093
-1.065606527514164,-0.07454075963805186,1.18348013415847,-0.07198360771864457,-0.5034322309092616
2.6158072316350984,-0.3334221145698518,0.12065063721914598,-1.1503995601064887,0.42215388572154827
1.0053993689716332,0.8435183807315184,-0.6907660609730694,-0.45698645336656263,2.3407600335932592
-3.171679250732688,1.3623817613780467,-0.5129275951579436,-1.1343236922588216,1.1257241487697394
-4.203622755812962,0.9159650109817344,0.4237414276454013,0.5731837850069524,0.13179934571190804
0.24448605170599622,0.3927817575079119,1.2371079148152115,-0.6416637735569404,1.8119849106057253
-2.824037242688114,1.6168300420818758,-3.5670773281756674,-0.7044551487442465,2.6218289429939037
-5.793825836178823,-2.2502265485765736,1.883296026397222,2.7954334356605646,0.5338519015458774
-2.6739082423179625,0.6737120670762914,1.8132117141605244,0.7560057271765874,0.8665388464173798
-1.6944699717506977,1.0908680828357633,-0.49773141198767606,-1.438815708234759,0.05308877119603083
-3.0175585871646717,-0.5316035386405837,1.1937497294504607,-0.14926546876683006,1.7149136676397005
-2.5002466304390882,2.24199375869501,-0.3957946982872335,0.8541136147029629,0.2615349965041236
-2.39710660245784,0.04908600796446314,0.46053374356675564,0.8408187383627549,-0.18975711559152827
1.2697247796819706,2.967375175988323,2.675033490773778,0.14415079805988354,-0.4085557132886532
1.690032524245462,-0.40714362402669135,0.41776621528944374,-0.3867172981996483,-0.36725728931131074
2.4976769375906938,0.3766464731317691,0.4963116930155354,-1.7444891518689656,-0.7392002131148226
-0.01344433245672653,1.2696175589988046,-0.4988107573862989,-1.4031145884494651,-1.2470827476668012
2.258341398307302,0.09362563420990758,-1.0713297426641748,-0.1085991746460984,-0.3703322886882095
-1.59665904892478,2.06710915318122,0.29421644717875123,0.7491060993735422,-0.8575167532478565
1.081787137611868,1.9033176231331688,2.079296508451888,-0.9082317306545183,1.105301988899637
0.5397621979027601,0.13877744302356532,1.0339782181060968,0.607360904334721,-0.04473182848178332
-0.6519441581228276,1.6839184905677655,-1.1748967262777552,0.17822045064856706,0.7172221234608273
1.0146434873018053,1.0027673315089525,1.2377923872102736,0.29496758871268053,1.6557584008093957
-3.662757123847029,-0.9149452010488243,3.261494836054639,-0.3107574639479533,0.9235050887732872
-1.7633525077370447,2.6127884056419375,-1.0098309355119086,-2.5597095655478164,2.195191137912555
-3.12885120944543,0.12861962843589397,0.5595065200116659,1.6561388535916133,0.9477877064024
-1.9984015216468392,0.9994832434566739,0.6228036047120085,-1.7303088789915144,0.5339121516039603
-1.9459308756510754,1.5635642896995308,-0.4969191894117719,1.0382012480171652,-0.3518045981635761
-2.521948449854258,1.732687109410167,1.290354659327132,-1.7093801373138384,-0.43557617164111856
-2.6930947171161037,0.6417819372985348,0.2783588879108404,1.8678438069289824,1.5798926828866913
-2.5694618820465047,0.7072988375107183,-1.1270298050743537,0.5567113926825565,-1.327913305692282
-0.3112477549642854,2.091033809244798,1.841856378965066,-0.9746361752120936,1.4593367569580016
3.000459032058894,-0.31091522154975276,1.0258068977083925,-0.8291826488751337,-0.061795558120500714
0.9272553233673763,1.4920226223979132,-0.5114253645581054,1.9522871779084616,2.1218202359860507
0.9809492426600613,1.5079555989632556,0.2571348324584751,1.9381991561915735,1.4916498613981142
1.638067150829749,1.2566977982308636,2.5571126006580736,-0.8509380990479769,-0.4677086333362272
-0.05008871051962313,1.1839600182352972,0.8995803211868161,2.285055206869303,1.3913032436798916
3.1844500645166276,0.025585504566022876,0.4650459864985951,-1.1444653082715024,-0.266280088522655
-0.3836103108881075,0.020407801089331105,-0.08564464382988249,0.87474072018843,-0.05777030138307062
-0.31409039906149777,0.12323271855741767,-0.9584957482416074,-0.6899347082278057,0.8825060733915956
-0.08896391860943771,0.5429924229239923,0.36431198023105826,-0.4947027380119708,0.552863179488582
1.090118207358524,0.998625958418967,-0.8637389478928387,-1.5194789288301473,-0.9933860728511061
1.5445368064341847,0.8478466546985891,0.7156594396104017,-1.69374532299034,-1.0077206127529836
0.652048338528445,0.9743365339940128,1.1949241397928894,-0.20342526840252784,-0.037135003025801375
-0.3099178871586253,0.717444240903283,1.0736661545740727,-0.23751925872308383,0.9403284029933542
-0.3996832913450968,1.12531267033101,0.333592368921147,0.10924200803164777,0.5951414849384729
1.0961057208466882,0.1736258386286185,0.16350793610680817,0.33638346963925314,-0.27752775983368705
0.8374581769550502,0.9621974848444257,1.3573875537057412,-1.3256611969836427,-0.5930468842615838
1.102515781319534,1.2983029800310573,0.09621768920948623,1.9924629278437234,1.0708312425342164
0.8986610374929599,1.0715628764788214,0.1626349651682306,2.088193046489677,0.7771450933646101
2.412609043553995,-0.8434499878650912,0.17137836451554958,-0.9218714573568377,-0.1737685795952947
1.657430744051631,1.5544035884085554,1.2452041257256925,0.8527012959599922,-0.16506488924995494
0.18741640959810282,-2.276409438934385,2.488599744219952,0.3849382523123805,-1.5003371212516459
2.4008742081954857,1.3913221461894645,2.6161376250975272,-0.6745730341764763,1.276327851253222
-0.20167747267801822,-2.398043099702173,-3.3080563194141135,-1.5675875596863513,1.2856928092272315
-0.901487677357662,0.9275947222314629,1.3618940953454526,0.23068339286830986,-0.8958152847454671
-1.1035434416043233,0.10760108226476309,-0.42218281295828264,1.7314026985898558,0.7525810176764988
1.405382914186514,-0.5972819504848361,0.21371030339442618,-0.09224663487856397,-0.5932818529490623
0.30033934596748324,0.7214267724445158,-0.38395258371090146,-0.5446350888911397,1.1961357262786654
1.4873324219409663,2.5371557493965615,2.3408655242808583,-0.46820320370638846,0.26852852845385433
0.39423148673290637,1.1172770916335792,0.8146896778319465,-1.2521952774413276,1.2192555352564662
2.5940001706949913,-0.3547605885469147,-0.7638460408999053,0.9780646841878393,-0.3887310294566573
