,driverId,year,DNF_rate,ref,constructor,constructorRef,position_delta,high_alt_sucess_rate,team_avg_position,dvt,finish_volatility,years_active,top10,avg_finish,races_entered,max_races_in_season,season_fraction,total_points,fv_terciles,dvt_terciles,logit_dnf,logit_top10
0,3,2014,0.1578947368421052,rosberg,131,mercedes,-0.8235294117647058,1.0,1.9210526315789471,-0.3166800966962127,2.952917740708502,0,0.9411764705882352,2.5294117647058822,19,19,1.0,317.0,Medium,low,-1.5505974124111674,2.4304184645039286
1,18,2014,0.3157894736842105,button,1,mclaren,0.8333333333333339,0.5,8.710526315789474,0.1389728096676737,3.6704525909242065,0,0.7222222222222222,7.5,19,19,1.0,126.0,High,high,-0.7308875085427923,0.9007865453381894
2,4,2014,0.1052631578947368,alonso,6,ferrari,1.1764705882352935,0.5,7.473684210526316,0.2758906379453189,1.8168759072330003,0,1.0,5.411764705882353,19,19,1.0,161.0,Low,high,-1.9459101490553135,3.6635616461296454
3,822,2014,0.1052631578947368,bottas,3,williams,0.2777777777777777,0.5,6.157894736842105,0.0978157644824311,2.650413431528125,0,0.9444444444444444,5.555555555555555,19,19,1.0,186.0,Medium,high,-1.9459101490553135,2.472930458741284
4,807,2014,0.2105263157894736,hulkenberg,10,force_india,3.235294117647059,0.0,8.058823529411764,0.0437956204379561,2.2948716709566073,0,0.8823529411764706,7.705882352941177,19,19,1.0,96.0,Low,high,-1.2367626271489274,1.842425326674841
5,8,2014,0.3684210526315789,raikkonen,6,ferrari,-0.2777777777777768,0.5,7.473684210526316,-0.226525821596244,2.3392781412696997,0,0.7222222222222222,9.166666666666666,19,19,1.0,55.0,Low,low,-0.5108256237659907,0.9007865453381894
6,818,2014,0.4736842105263157,vergne,5,toro_rosso,0.7857142857142865,0.0,11.088235294117649,0.053050397877984,2.1957751641342003,0,0.5,10.5,19,19,1.0,22.0,Low,high,-0.10008345855698285,0.0
7,826,2014,0.6842105263157895,kvyat,5,toro_rosso,0.4285714285714288,0.5,11.088235294117649,-0.0435771125426297,2.094696899802168,0,0.3571428571428571,11.571428571428571,19,19,1.0,8.0,Low,medium,0.7308875085427926,-0.5568107370078144
8,815,2014,0.5263157894736842,perez,10,force_india,3.2666666666666657,0.5,8.058823529411764,-0.1002433090024331,2.6549743668986507,0,0.8,8.866666666666667,19,19,1.0,59.0,Medium,low,0.10008345855698263,1.2950456896547458
9,821,2014,0.9473684210526316,gutierrez,15,sauber,0.9230769230769234,0.5,14.666666666666666,-0.0279720279720279,1.979181589272093,0,0.0,15.076923076923077,19,19,1.0,0.0,Low,medium,2.5123056239761152,-3.6635616461296463
10,820,2014,0.9375,chilton,206,marussia,3.384615384615387,0.0,15.964285714285714,-0.0118740320082602,1.9153691689213432,0,0.0,16.153846153846153,16,19,0.8421052631578947,0.0,Low,medium,2.3353749158170363,-3.4965075614664802
11,828,2014,0.9375,ericsson,207,caterham,3.18181818181818,0.0,16.642857142857142,-0.0323839250877878,2.724240738867581,0,0.0,17.181818181818183,16,19,0.8421052631578947,0.0,Medium,medium,2.3353749158170363,-3.4965075614664802
12,20,2014,0.1578947368421052,vettel,9,red_bull,2.4375,0.5,4.444444444444445,-0.1390624999999999,1.7842628029525245,0,1.0,5.0625,19,19,1.0,167.0,Low,low,-1.5505974124111674,3.6635616461296454
13,1,2014,0.1578947368421052,hamilton,131,mercedes,3.25,0.0,1.9210526315789471,0.2517123287671233,0.7043392293490404,0,1.0,1.4375,19,19,1.0,384.0,Low,high,-1.5505974124111674,3.6635616461296454
14,817,2014,0.1052631578947368,ricciardo,9,red_bull,2.6875,0.0,4.444444444444445,0.15625,1.9525624189766635,0,1.0,3.75,19,19,1.0,238.0,Low,high,-1.9459101490553135,3.6635616461296454
15,827,2014,1.0,lotterer,207,caterham,1.0,0.3333333333333333,16.642857142857142,-0.0020833333333332,2.770102775666474,0,0.6,9.944444444444445,1,19,0.05263157894736842,0.0,High,high,1.0986122886681098,0.38656095346901176
16,16,2014,0.8947368421052632,sutil,15,sauber,-0.75,0.5,14.666666666666666,0.0,2.6874192494328497,0,0.0,14.666666666666666,19,19,1.0,0.0,Medium,medium,1.9459101490553132,-3.6635616461296463
17,813,2014,0.7894736842105263,maldonado,208,lotus_f1,4.384615384615385,1.0,13.0,-0.0532544378698224,2.3331924443235543,0,0.0769230769230769,13.692307692307692,19,19,1.0,2.0,Low,low,1.2367626271489272,-2.218777135721954
18,155,2014,0.9375,kobayashi,207,caterham,3.444444444444443,0.0,16.642857142857142,0.0519790176442536,1.9309052441091965,0,0.0,15.77777777777778,16,19,0.8421052631578947,0.0,Low,high,2.3353749158170363,-3.4965075614664802
19,829,2014,1.0,stevens,207,caterham,0.0,0.3333333333333333,16.642857142857142,-0.0214592274678111,0.0,0,0.0,17.0,1,19,0.05263157894736842,0.0,Low,medium,1.0986122886681098,-1.0986122886681098
20,1,2015,0.0526315789473684,hamilton,131,mercedes,-0.3333333333333335,0.0,2.3947368421052633,0.2808302808302808,1.1928283640879938,1,1.0,1.7222222222222223,19,19,1.0,381.0,Low,high,-2.5123056239761152,3.6635616461296454
21,3,2015,0.1052631578947368,rosberg,131,mercedes,-0.9444444444444442,1.0,2.3947368421052633,-0.2759462759462758,3.748662312852742,1,0.9444444444444444,3.0555555555555554,19,19,1.0,322.0,High,low,-1.9459101490553135,2.472930458741284
22,20,2015,0.1052631578947368,vettel,6,ferrari,2.111111111111111,0.3333333333333333,3.8333333333333335,0.1304347826086956,2.403700850309326,1,0.9444444444444444,3.3333333333333335,19,19,1.0,278.0,Medium,high,-1.9459101490553135,2.472930458741284
23,13,2015,0.3157894736842105,massa,3,williams,0.125,0.6666666666666666,6.777777777777778,-0.0604508196721311,4.080728335726356,1,0.8125,7.1875,19,19,1.0,121.0,High,low,-0.7308875085427923,1.366876275262789
24,831,2015,0.5789473684210527,nasr,15,sauber,2.75,0.0,11.31578947368421,0.0444767441860465,2.855230945125105,0,0.375,10.8125,19,19,1.0,27.0,Medium,high,0.3022808718729334,-0.48424598596127877
25,817,2015,0.5789473684210527,ricciardo,9,red_bull,-0.1176470588235307,0.3333333333333333,7.7894736842105265,-0.064785373608903,3.722186357542677,1,0.7647058823529411,8.294117647058824,19,19,1.0,92.0,High,low,0.3022808718729334,1.1064708752806303
26,807,2015,0.6842105263157895,hulkenberg,10,force_india,1.0,1.0,8.305555555555555,-0.055827116027785,3.141627362563406,1,0.6923076923076923,8.76923076923077,19,19,1.0,58.0,Medium,low,0.7308875085427926,0.7661723155748353
27,828,2015,0.7368421052631579,ericsson,15,sauber,2.0625,0.3333333333333333,11.31578947368421,-0.0659883720930232,2.192850599106104,1,0.3125,12.0625,19,19,1.0,9.0,Low,low,0.9694005571881035,-0.7451683653108236
28,832,2015,0.7368421052631579,sainz,5,toro_rosso,1.0,0.0,9.617647058823527,-0.0570846075433231,1.818118685772619,0,0.5833333333333334,10.166666666666666,19,19,1.0,18.0,Low,low,0.9694005571881035,0.3193534162894325
29,815,2015,0.5789473684210527,perez,10,force_india,1.5555555555555554,0.3333333333333333,8.305555555555555,-0.0301003344481605,2.9668955384041533,1,0.6666666666666666,8.555555555555555,19,19,1.0,78.0,Medium,medium,0.3022808718729334,0.6558757857627137
30,18,2015,0.7368421052631579,button,1,mclaren,2.76923076923077,0.0,12.033333333333331,-0.0036224163647986,3.074999398662567,1,0.3076923076923077,12.076923076923077,19,19,1.0,16.0,Medium,medium,0.9694005571881035,-0.766172315574835
31,8,2015,0.3157894736842105,raikkonen,6,ferrari,1.0,0.3333333333333333,3.8333333333333335,-0.248447204968944,1.7799908277681589,1,1.0,4.785714285714286,19,19,1.0,150.0,Low,low,-0.7308875085427923,3.6635616461296454
32,830,2015,0.5789473684210527,max_verstappen,5,toro_rosso,1.3999999999999986,1.0,9.617647058823527,-0.0189602446483181,3.7452191747168375,0,0.6666666666666666,9.8,19,19,1.0,49.0,High,medium,0.3022808718729334,0.6558757857627137
33,826,2015,0.5789473684210527,kvyat,9,red_bull,2.25,0.6666666666666666,7.7894736842105265,0.0371621621621621,3.102418411497714,1,0.875,7.5,19,19,1.0,95.0,Medium,high,0.3022808718729334,1.784486709898975
34,825,2015,1.0,kevin_magnussen,1,mclaren,1.0,0.3333333333333333,12.033333333333331,-0.0020833333333332,2.770102775666474,1,0.6,9.944444444444445,1,19,0.05263157894736842,0.0,High,high,1.0986122886681098,0.38656095346901176
35,4,2015,0.8333333333333334,alonso,1,mclaren,3.8181818181818183,0.0,12.033333333333331,-0.0123394610929236,3.406362544580944,1,0.1818181818181818,12.181818181818182,18,19,0.9473684210526315,11.0,High,medium,1.4880770554298328,-1.3952899240284686
36,829,2015,1.0,stevens,209,manor,1.666666666666668,0.3333333333333333,15.61111111111111,-0.0291814946619217,1.4817407180595246,1,0.0,16.066666666666666,18,19,0.9473684210526315,0.0,Low,medium,3.6109179126442257,-3.6109179126442243
37,834,2015,0.8,rossi,209,manor,2.4000000000000004,0.5,15.61111111111111,0.0135231316725978,2.33238075793812,0,0.0,15.4,5,19,0.2631578947368421,0.0,Low,medium,1.0986122886681098,-2.3978952727983707
38,3,2016,0.0476190476190476,rosberg,131,mercedes,-0.4499999999999999,0.6666666666666666,2.2,-0.0227272727272726,1.6085707942145415,2,1.0,2.25,21,21,1.0,385.0,Low,medium,-2.6149597780361984,3.7612001156935633
39,1,2016,0.0952380952380952,hamilton,131,mercedes,2.368421052631579,1.0,2.2,0.0430622009569379,1.585949386665196,2,1.0,2.1052631578947367,21,21,1.0,380.0,Low,high,-2.0541237336955467,3.7612001156935633
40,20,2016,0.1904761904761904,vettel,6,ferrari,2.0,0.0,4.214285714285714,0.0368893320039881,1.6967300119830535,2,1.0,4.0588235294117645,21,21,1.0,212.0,Low,high,-1.3581234841531948,3.7612001156935633
41,817,2016,0.0476190476190476,ricciardo,9,red_bull,-0.4761904761904767,0.3333333333333333,4.523809523809524,0.0315789473684209,2.339641618388238,2,0.9523809523809524,4.380952380952381,21,21,1.0,256.0,Low,high,-2.6149597780361984,2.6149597780361975
42,13,2016,0.5238095238095238,massa,3,williams,-0.166666666666666,0.3333333333333333,9.166666666666666,-0.0848484848484849,3.8365525934710103,2,0.7222222222222222,9.944444444444445,21,21,1.0,53.0,High,low,0.0909717782057266,0.9057086225436178
43,807,2016,0.4285714285714285,hulkenberg,10,force_india,-1.0,0.6666666666666666,8.714285714285714,-0.0395371263259402,3.71753536689999,2,0.8235294117647058,9.058823529411764,21,21,1.0,72.0,High,medium,-0.27443684570176075,1.4423838277709335
44,822,2016,0.4285714285714285,bottas,3,williams,-0.4736842105263168,0.3333333333333333,9.166666666666666,0.0698564593301434,3.2341666306815195,2,0.7894736842105263,8.526315789473685,21,21,1.0,85.0,High,high,-0.27443684570176075,1.244324099849503
45,832,2016,0.6190476190476191,sainz,5,toro_rosso,0.7647058823529402,0.6666666666666666,11.0,0.0588235294117646,3.5303920207349786,1,0.5882352941176471,10.352941176470589,21,21,1.0,46.0,High,high,0.462623521948113,0.340140282916356
46,830,2016,0.1428571428571428,max_verstappen,9,red_bull,0.2777777777777777,1.0,4.523809523809524,-0.080701754385965,2.865288212939473,1,0.9444444444444444,4.888888888888889,21,21,1.0,204.0,Medium,low,-1.6650077635889116,2.5014359517392104
47,825,2016,0.8571428571428571,kevin_magnussen,4,renault,3.7058823529411775,0.0,14.175,0.0164954870837224,2.7326046233733967,2,0.1176470588235294,13.941176470588236,21,21,1.0,7.0,Medium,medium,1.6650077635889113,-1.8572257776596413
48,815,2016,0.3333333333333333,perez,10,force_india,1.1904761904761916,0.3333333333333333,8.714285714285714,0.0163934426229507,3.645890427152566,2,0.7619047619047619,8.571428571428571,21,21,1.0,101.0,High,medium,-0.6592456288842641,1.0986122886681098
49,18,2016,0.7619047619047619,button,1,mclaren,2.533333333333333,0.3333333333333333,10.404761904761903,-0.0764302059496566,3.0594117081556713,2,0.4666666666666667,11.2,21,21,1.0,21.0,Medium,low,1.0986122886681098,-0.12744494656812028
50,831,2016,0.9523809523809524,nasr,15,sauber,3.294117647058826,1.0,15.0,-0.0156862745098038,2.578860025503879,1,0.0588235294117647,15.235294117647058,21,21,1.0,2.0,Medium,medium,2.6149597780361975,-2.457703827107939
51,828,2016,1.0,ericsson,15,sauber,3.625,0.3333333333333333,15.0,0.0041666666666666,2.357667014232502,2,0.0,14.9375,21,21,1.0,0.0,Low,medium,3.7612001156935633,-3.7612001156935624
52,8,2016,0.1904761904761904,raikkonen,6,ferrari,0.5294117647058822,0.3333333333333333,4.214285714285714,-0.1166500498504486,1.706896250417283,2,1.0,4.705882352941177,21,21,1.0,186.0,Low,low,-1.3581234841531948,3.7612001156935633
53,837,2016,1.0,haryanto,209,manor,1.3333333333333357,1.0,17.025,-0.0703214227443302,2.042752923427804,0,0.0,18.22222222222222,12,21,0.5714285714285714,0.0,Low,low,3.2188758248682015,-3.2188758248682006
54,826,2016,0.7619047619047619,kvyat,5,toro_rosso,1.4000000000000004,0.0,11.0,-0.0909090909090909,3.687817782917155,2,0.3333333333333333,12.0,21,21,1.0,25.0,High,low,1.0986122886681098,-0.6592456288842641
55,824,2014,0.9333333333333332,jules_bianchi,206,marussia,1.666666666666666,1.0,15.964285714285714,0.0029828486204325,2.6601482832520613,0,0.0833333333333333,15.916666666666666,15,19,0.7894736842105263,2.0,Medium,medium,2.268683541318363,-2.0971411187792373
56,13,2014,0.3684210526315789,massa,3,williams,-0.1875,1.0,6.157894736842105,-0.1976495726495726,4.013648589500581,0,0.6875,7.375,19,19,1.0,134.0,High,low,-0.5108256237659907,0.7451683653108238
57,822,2015,0.2631578947368421,bottas,3,williams,-0.9411764705882356,1.0,6.777777777777778,0.0019286403085824,3.702612936907345,1,0.7647058823529411,6.764705882352941,19,19,1.0,136.0,High,medium,-0.9694005571881034,1.1064708752806303
58,821,2016,0.9047619047619048,gutierrez,210,haas,0.0625,0.3333333333333333,12.289473684210526,-0.1188436830835118,2.8831406486676987,2,0.0,13.75,21,21,1.0,0.0,Medium,low,2.054123733695546,-3.7612001156935624
59,4,2016,0.6,alonso,1,mclaren,2.1176470588235308,0.3333333333333333,10.404761904761903,0.0219410418629695,3.792179167361458,2,0.5294117647058824,10.176470588235292,20,21,0.9523809523809523,54.0,High,medium,0.3856624808119846,0.11216225709564909
60,1,2017,0.05,hamilton,131,mercedes,0.8999999999999999,0.0,2.775,0.0270270270270269,2.215851980616034,3,1.0,2.7,20,20,1.0,363.0,Low,medium,-2.5649493574615367,3.7135720667043066
61,20,2017,0.1,vettel,6,ferrari,0.7777777777777781,0.6666666666666666,3.5,0.2698412698412699,1.5355861067872505,3,1.0,2.5555555555555554,20,20,1.0,317.0,Low,high,-2.001480000210124,3.7135720667043066
62,830,2017,0.4,max_verstappen,9,red_bull,2.615384615384615,0.3333333333333333,3.7,-0.1434511434511434,2.2241280453539938,2,1.0,4.230769230769231,20,20,1.0,168.0,Low,low,-0.3856624808119846,3.7135720667043066
63,817,2017,0.3,ricciardo,9,red_bull,4.071428571428571,0.3333333333333333,3.7,0.0733590733590734,1.2371791482634835,3,1.0,3.4285714285714284,20,20,1.0,200.0,Low,high,-0.8023464725249372,3.7135720667043066
64,8,2017,0.2,raikkonen,6,ferrari,-0.5294117647058822,0.6666666666666666,3.5,-0.2773109243697479,2.6814756047156427,3,0.9411764705882352,4.470588235294118,20,20,1.0,205.0,Medium,low,-1.2992829841302609,2.444632750650058
65,822,2017,0.05,bottas,131,mercedes,0.4210526315789473,1.0,2.775,-0.0621147463252726,1.4680342822085637,3,1.0,2.9473684210526314,20,20,1.0,305.0,Low,low,-2.5649493574615367,3.7135720667043066
66,832,2017,0.7,sainz,5,toro_rosso,2.416666666666666,0.0,11.13157894736842,0.2588652482269503,2.5207472437090286,2,0.8333333333333334,8.25,20,20,1.0,54.0,Medium,high,0.8023464725249373,1.4992347723004869
67,825,2017,0.8,kevin_magnussen,210,haas,2.0666666666666664,0.3333333333333333,11.13157894736842,-0.0301024428684003,2.6549743668986507,3,0.3333333333333333,11.466666666666669,20,20,1.0,19.0,Medium,medium,1.2992829841302609,-0.6576404921030357
68,815,2017,0.5,perez,10,force_india,1.1052631578947372,0.6666666666666666,7.9,0.0006662225183212,2.8817892256850155,3,0.8947368421052632,7.894736842105263,20,20,1.0,100.0,Medium,medium,0.0,1.9545308920992202
69,835,2017,0.8125,jolyon_palmer,4,renault,2.454545454545455,1.0,10.305555555555555,-0.1644204851752022,2.335496832484569,1,0.0909090909090909,12.0,16,20,0.8,8.0,Low,low,1.3499267169490154,-2.0409182596835005
70,13,2017,0.631578947368421,massa,3,williams,1.1764705882352935,0.6666666666666666,10.0,0.0647058823529411,2.084711193725806,3,0.7647058823529411,9.352941176470589,19,20,0.95,43.0,Low,high,0.5108256237659907,1.1064708752806303
71,828,2017,0.9,ericsson,15,sauber,2.142857142857141,0.3333333333333333,14.13157894736842,-0.0462889066241022,2.144047288543376,3,0.0,14.785714285714286,20,20,1.0,0.0,Low,medium,2.001480000210124,-3.713572066704308
72,4,2017,0.8421052631578947,alonso,1,mclaren,1.90909090909091,0.6666666666666666,11.694444444444445,0.0438350248326495,3.2141217326661256,3,0.4545454545454545,11.181818181818182,19,20,0.95,17.0,High,high,1.5505974124111666,-0.17315864387243526
73,826,2017,0.9333333333333332,kvyat,5,toro_rosso,0.7272727272727266,0.0,11.13157894736842,-0.0780141843971631,2.174229226018437,3,0.2727272727272727,12.0,15,20,0.75,5.0,Low,low,2.268683541318363,-0.9103324222905245
74,841,2017,1.0,giovinazzi,15,sauber,4.0,0.3333333333333333,14.13157894736842,0.1508379888268156,0.0,0,0.0,12.0,2,20,0.1,0.0,Low,high,1.6094379124341007,-1.6094379124341005
75,840,2017,0.8,stroll,3,williams,2.9375,0.6666666666666666,10.0,-0.11875,4.156602428666951,0,0.4375,11.1875,20,20,1.0,40.0,High,low,1.2992829841302609,-0.2392296890658342
76,18,2017,1.0,button,1,mclaren,1.0,0.3333333333333333,11.694444444444445,-0.0020833333333332,2.770102775666474,3,0.6,9.944444444444445,1,20,0.05,0.0,High,high,1.0986122886681098,0.38656095346901176
77,814,2017,1.0,resta,3,williams,1.0,0.3333333333333333,10.0,-0.0020833333333332,2.770102775666474,0,0.6,9.944444444444445,1,20,0.05,0.0,High,high,1.0986122886681098,0.38656095346901176
78,843,2017,1.0,brendon_hartley,5,toro_rosso,5.5,0.0,11.13157894736842,-0.2576832151300236,1.0,0,0.0,14.0,4,20,0.2,0.0,Low,low,2.1972245773362196,-2.197224577336219
79,20,2018,0.0476190476190476,vettel,6,ferrari,-0.1999999999999997,0.6666666666666666,3.0714285714285716,-0.0255813953488371,1.930673457630782,4,1.0,3.15,21,21,1.0,320.0,Low,medium,-2.6149597780361984,3.7612001156935633
80,1,2018,0.0476190476190476,hamilton,131,mercedes,0.8,0.3333333333333333,2.85,0.3157894736842105,1.2439855304624727,4,1.0,1.95,21,21,1.0,408.0,Low,high,-2.6149597780361984,3.7612001156935633
81,8,2018,0.1904761904761904,raikkonen,6,ferrari,0.4705882352941177,1.0,3.0714285714285716,-0.0533515731874144,1.2141039670911935,4,1.0,3.235294117647059,21,21,1.0,251.0,Low,low,-1.3581234841531948,3.7612001156935633
82,817,2018,0.3809523809523809,ricciardo,9,red_bull,4.076923076923077,0.3333333333333333,3.5789473684210527,-0.1176470588235294,1.4675987714106855,4,1.0,4.0,21,21,1.0,170.0,Low,low,-0.4626235219481133,3.7612001156935633
83,4,2018,0.7619047619047619,alonso,1,mclaren,2.9333333333333336,0.3333333333333333,11.476190476190476,0.1112033195020747,3.9191835884530857,4,0.6,10.2,21,21,1.0,50.0,High,high,1.0986122886681098,0.38656095346901176
84,830,2018,0.1904761904761904,max_verstappen,9,red_bull,3.352941176470588,1.0,3.5789473684210527,0.0302768166089965,1.973877851242649,3,1.0,3.4705882352941178,21,21,1.0,249.0,Low,high,-1.3581234841531948,3.7612001156935633
85,807,2018,0.6190476190476191,hulkenberg,4,renault,1.7857142857142865,0.3333333333333333,8.761904761904763,0.078804347826087,2.5763841138387766,4,0.7857142857142857,8.071428571428571,21,21,1.0,69.0,Medium,high,0.462623521948113,1.2237754316221154
86,822,2018,0.1428571428571428,bottas,131,mercedes,0.4736842105263155,0.0,2.85,-0.3665743305632502,1.7739262680371282,4,1.0,3.8947368421052633,21,21,1.0,247.0,Low,low,-1.6650077635889116,3.7612001156935633
87,838,2018,0.7619047619047619,vandoorne,1,mclaren,3.684210526315791,0.3333333333333333,11.476190476190476,-0.0869185411661934,2.5208273715427465,2,0.2105263157894736,12.473684210526317,21,21,1.0,12.0,Medium,low,1.0986122886681098,-1.244324099849504
88,832,2018,0.5714285714285714,sainz,4,renault,0.3157894736842106,0.0,8.761904761904763,-0.0812356979405032,2.6629706611944246,3,0.6842105263157895,9.473684210526317,21,21,1.0,53.0,Medium,low,0.2744368457017605,0.7347069102667401
89,815,2018,0.4761904761904761,perez,10,force_india,1.2105263157894743,0.3333333333333333,9.475,-0.0331898347451742,3.4880087422696615,4,0.631578947368421,9.789473684210526,21,21,1.0,62.0,High,medium,-0.09097177820572705,0.5133782735247693
90,844,2018,0.6666666666666666,leclerc,15,sauber,2.533333333333333,1.0,10.975,0.0766894457099468,3.4032664048267245,0,0.6666666666666666,10.133333333333333,21,21,1.0,39.0,High,high,0.6592456288842639,0.6592456288842639
91,840,2018,0.8095238095238095,stroll,3,williams,2.421052631578947,0.3333333333333333,14.225,0.0269170289519932,2.641035640061974,1,0.1052631578947368,13.842105263157896,21,21,1.0,6.0,Medium,medium,1.358123484153194,-1.962416713657016
92,843,2018,0.9047619047619048,brendon_hartley,5,toro_rosso,1.799999999999999,0.3333333333333333,12.15,-0.0919067215363512,2.954469307488045,1,0.2,13.266666666666667,21,21,1.0,4.0,Medium,low,2.054123733695546,-1.3031439927877202
93,825,2018,0.5714285714285714,kevin_magnussen,210,haas,0.2777777777777785,0.6666666666666666,10.421052631578949,0.0297418630751964,3.754832277492401,4,0.6111111111111112,10.11111111111111,21,21,1.0,56.0,High,medium,0.2744368457017605,0.43078291609245434
94,828,2018,0.8095238095238095,ericsson,15,sauber,4.0,0.6666666666666666,10.975,-0.0826745276698379,2.272142107744467,4,0.3529411764705882,11.882352941176473,21,21,1.0,9.0,Low,low,1.358123484153194,-0.5769892178090761
95,845,2018,0.9047619047619048,sirotkin,3,williams,1.833333333333334,0.6666666666666666,14.225,-0.0427650849443468,2.1147629234082532,0,0.0555555555555555,14.833333333333334,21,21,1.0,1.0,Low,medium,2.054123733695546,-2.5014359517392117
96,822,2019,0.1428571428571428,bottas,131,mercedes,1.0526315789473686,0.0,2.7857142857142856,0.0364372469635627,1.656013970794976,5,1.0,2.6842105263157894,21,21,1.0,326.0,Low,high,-1.6650077635889116,3.7612001156935633
97,1,2019,0.0,hamilton,131,mercedes,-0.0476190476190474,0.3333333333333333,2.7857142857142856,0.1452991452991452,2.1486693662244716,5,1.0,2.380952380952381,21,21,1.0,413.0,Low,high,-3.7612001156935624,3.7612001156935633
98,830,2019,0.0952380952380952,max_verstappen,9,red_bull,1.1578947368421053,0.6666666666666666,5.261904761904762,0.3298404381995714,1.7280479115138951,4,1.0,3.526315789473684,21,21,1.0,278.0,Low,high,-2.0541237336955467,3.7612001156935633
99,20,2019,0.238095238095238,vettel,6,ferrari,-0.6842105263157894,0.6666666666666666,4.476190476190476,-0.1405375139977604,4.621400298634778,5,0.8421052631578947,5.105263157894737,21,21,1.0,240.0,High,low,-1.0986122886681102,1.5614060813470951
100,844,2019,0.1904761904761904,leclerc,6,ferrari,-0.7894736842105261,0.6666666666666666,4.476190476190476,0.0593505039193729,3.518057887803874,1,0.9473684210526316,4.2105263157894735,21,21,1.0,264.0,High,high,-1.3581234841531948,2.5419891651800364
101,825,2019,0.7142857142857143,kevin_magnussen,210,haas,-2.526315789473685,0.3333333333333333,13.05,-0.0123008671103044,3.6212668235304366,5,0.2105263157894736,13.210526315789474,21,21,1.0,20.0,High,medium,0.8690378470236096,-1.244324099849504
102,807,2019,0.6666666666666666,hulkenberg,4,renault,-0.2941176470588242,0.3333333333333333,9.833333333333334,-0.0468594217347956,2.7389286416053684,5,0.5882352941176471,10.294117647058824,21,21,1.0,37.0,Medium,medium,0.6592456288842639,0.340140282916356
103,8,2019,0.7142857142857143,raikkonen,51,alfa,-0.6315789473684212,0.6666666666666666,12.19047619047619,0.1062911184210525,3.5227790590908445,5,0.4736842105263157,10.894736842105264,21,21,1.0,43.0,High,high,0.8690378470236096,-0.10056313238798112
104,826,2019,0.6190476190476191,kvyat,5,toro_rosso,3.333333333333334,0.3333333333333333,10.69047619047619,0.0022271714922048,3.248931448269655,5,0.5555555555555556,10.666666666666666,21,21,1.0,37.0,High,medium,0.462623521948113,0.21292199724267194
105,846,2019,0.6190476190476191,norris,1,mclaren,-0.5294117647058822,0.6666666666666666,8.785714285714286,-0.0712577714012433,2.8087850320737227,0,0.6470588235294118,9.411764705882351,21,21,1.0,49.0,Medium,low,0.462623521948113,0.5769892178090766
106,815,2019,0.6190476190476191,perez,211,racing_point,2.421052631578947,0.6666666666666666,10.857142857142858,0.0886426592797783,3.0243700839070824,5,0.5789473684210527,9.894736842105264,21,21,1.0,52.0,Medium,high,0.462623521948113,0.3037494806303455
107,848,2019,0.3333333333333333,albon,5,toro_rosso,0.200000000000001,0.3333333333333333,10.69047619047619,0.1721603563474387,3.650684867254362,0,0.65,8.85,21,21,1.0,92.0,High,high,-0.6592456288842641,0.5892010922949296
108,841,2019,0.7142857142857143,giovinazzi,51,alfa,0.2999999999999989,0.6666666666666666,12.19047619047619,-0.1197265625,3.335790760824186,2,0.2,13.65,21,21,1.0,14.0,High,low,0.8690378470236096,-1.3031439927877202
109,847,2019,0.9047619047619048,russell,3,williams,1.1578947368421062,0.3333333333333333,16.25,0.0445344129554655,1.8458608333421245,0,0.0,15.526315789473683,21,21,1.0,0.0,Low,high,2.054123733695546,-3.7612001156935624
110,9,2019,0.9047619047619048,kubica,3,williams,-1.2631578947368407,0.3333333333333333,16.25,-0.0429149797570849,2.038412287477588,0,0.0526315789473684,16.94736842105263,21,21,1.0,1.0,Low,medium,2.054123733695546,-2.5419891651800364
111,817,2019,0.6190476190476191,ricciardo,4,renault,0.7333333333333325,0.6666666666666666,9.833333333333334,0.0440677966101695,3.2619012860600187,5,0.5333333333333333,9.4,21,21,1.0,54.0,High,high,0.462623521948113,0.12744494656812005
112,832,2019,0.5238095238095238,sainz,1,mclaren,2.11764705882353,0.3333333333333333,8.785714285714286,0.1095169775227165,3.053162181731995,4,0.7647058823529411,7.823529411764706,21,21,1.0,96.0,Medium,high,0.0909717782057266,1.1129238030613655
113,822,2020,0.1176470588235294,bottas,131,mercedes,-1.9375,0.6666666666666666,3.2058823529411766,-0.345183486238532,3.7536440627742,6,0.875,4.3125,17,17,1.0,223.0,High,low,-1.824549292051046,1.767661917648994
114,813,2015,0.631578947368421,maldonado,208,lotus_f1,3.0,0.3333333333333333,8.84375,-0.119434628975265,2.8442925306655784,1,0.6,9.9,19,19,1.0,27.0,Medium,low,0.5108256237659907,0.3846743384390905
115,833,2015,1.0,merhi,209,manor,2.916666666666668,1.0,15.61111111111111,0.0071174377224199,1.892969448600091,0,0.0,15.5,13,19,0.6842105263157895,0.0,Low,medium,3.2958368660043296,-3.295836866004329
116,836,2016,0.9523809523809524,wehrlein,209,manor,2.75,0.6666666666666666,17.025,0.0565345080763582,2.633171804117612,0,0.0625,16.0625,21,21,1.0,1.0,Medium,high,2.6149597780361975,-2.4103564932361827
117,839,2016,0.8888888888888888,ocon,209,manor,3.444444444444443,0.5,17.025,0.001468428781204,2.9439202887759484,0,0.0,17.0,9,21,0.42857142857142855,0.0,Medium,medium,1.7346010553881064,-2.9444389791664403
118,836,2017,0.9444444444444444,wehrlein,15,sauber,2.533333333333331,0.0,14.13157894736842,0.018746120422098,2.499777767900357,1,0.1333333333333333,13.866666666666667,18,20,0.9,5.0,Medium,medium,2.4567357728213035,-1.714108534997989
119,842,2017,1.0,gasly,5,toro_rosso,3.4000000000000004,1.0,11.13157894736842,-0.2217494089834515,1.3564659966250538,0,0.0,13.6,5,20,0.25,0.0,Low,low,2.3978952727983702,-2.3978952727983707
120,839,2018,0.6190476190476191,ocon,10,force_india,1.4000000000000004,0.3333333333333333,9.475,0.029023746701847,2.7129319932501073,2,0.6666666666666666,9.2,21,21,1.0,49.0,Medium,medium,0.462623521948113,0.6592456288842639
121,842,2018,0.6666666666666666,gasly,5,toro_rosso,1.5,0.6666666666666666,12.15,0.0843621399176955,3.314268395890713,1,0.3125,11.125,21,21,1.0,29.0,High,high,0.6592456288842639,-0.74907573321917
122,842,2019,0.5714285714285714,gasly,9,red_bull,0.5500000000000007,0.6666666666666666,5.261904761904762,-0.7009049773755655,3.980891859872609,2,0.7,8.95,21,21,1.0,95.0,High,low,0.2744368457017605,0.8043728156701697
123,154,2015,0.5789473684210527,grosjean,208,lotus_f1,2.153846153846155,0.3333333333333333,8.84375,0.0258222343027997,2.527950265408459,1,0.7692307692307693,8.615384615384615,19,19,1.0,51.0,Medium,medium,0.3022808718729334,1.1296225254106704
124,154,2016,0.7142857142857143,grosjean,210,haas,2.5625,0.3333333333333333,12.289473684210526,0.0438972162740898,4.00780488547035,2,0.3125,11.75,21,21,1.0,29.0,High,high,0.8690378470236096,-0.74907573321917
125,154,2017,0.7,grosjean,210,haas,2.235294117647058,0.3333333333333333,11.13157894736842,0.0118203309692671,2.8491484796029014,3,0.4705882352941176,11.0,20,20,1.0,28.0,Medium,medium,0.8023464725249373,-0.11216225709564931
126,154,2018,0.7142857142857143,grosjean,210,haas,-0.4666666666666668,0.6666666666666666,10.421052631578949,-0.0363636363636364,3.745219174716837,4,0.4666666666666667,10.8,21,21,1.0,37.0,High,medium,0.8690378470236096,-0.12744494656812028
127,154,2019,0.7619047619047619,grosjean,210,haas,-1.333333333333334,0.3333333333333333,13.05,-0.0268199233716474,3.1790984046843636,5,0.2,13.4,21,21,1.0,8.0,High,medium,1.0986122886681098,-1.3031439927877202
128,844,2020,0.4117647058823529,leclerc,6,ferrari,1.0,0.6666666666666666,8.866666666666667,0.2105263157894737,3.762159772503841,2,0.7692307692307693,7.0,17,17,1.0,98.0,High,high,-0.33647223662121284,1.1215359285700472
129,1,2020,0.0,hamilton,131,mercedes,0.0,0.6666666666666666,3.2058823529411766,0.4151376146788991,1.6153559979150107,6,1.0,1.875,16,17,0.9411764705882353,347.0,Low,high,-3.4965075614664802,3.4965075614664802
130,832,2020,0.4117647058823529,sainz,1,mclaren,1.7857142857142856,0.6666666666666666,7.4411764705882355,0.088085827216262,3.074749035718698,5,0.8571428571428571,6.785714285714286,17,17,1.0,105.0,Medium,high,-0.33647223662121284,1.638286066771759
131,815,2020,0.3333333333333333,perez,211,racing_point,0.0714285714285711,1.0,7.117647058823529,0.0867768595041321,4.013370510822899,6,0.9285714285714286,6.5,15,17,0.8823529411764706,125.0,High,high,-0.6466271649250525,2.217225244042889
132,841,2020,0.6470588235294118,giovinazzi,51,alfa,3.2857142857142847,0.6666666666666666,13.147058823529411,-0.054010866091403,2.6954231805876017,3,0.2142857142857142,13.857142857142858,17,17,1.0,4.0,Medium,low,0.5705448584676127,-1.2074151485169091
133,849,2020,0.6470588235294118,latifi,3,williams,3.2857142857142865,0.6666666666666666,14.941176470588236,-0.0326209223847019,2.770102775666474,0,0.0,15.428571428571429,17,17,1.0,0.0,Medium,medium,0.5705448584676127,-3.5553480614894135
134,826,2020,0.5294117647058824,kvyat,213,alphatauri,1.1875,0.3333333333333333,9.294117647058824,-0.1431962025316454,3.3330729064933458,6,0.4375,10.625,17,17,1.0,32.0,High,low,0.11122563511022443,-0.23721727852587177
135,848,2020,0.2352941176470588,albon,9,red_bull,-0.25,0.3333333333333333,6.088235294117647,-0.2729468599033817,3.960744879438715,1,0.75,7.75,17,17,1.0,105.0,High,low,-1.0986122886681098,1.0258529343856817
136,8,2020,0.6470588235294118,raikkonen,51,alfa,3.1875,0.6666666666666666,13.147058823529411,0.0111856823266218,2.207940216581962,6,0.125,13.0,17,17,1.0,4.0,Low,medium,0.5705448584676127,-1.7676619176489945
137,847,2020,0.7647058823529411,russell,3,williams,-1.384615384615385,0.0,14.941176470588236,0.0218049666868564,2.8158469565727886,1,0.0769230769230769,14.615384615384617,17,17,1.0,3.0,Medium,medium,1.0986122886681098,-2.192485231972323
138,825,2020,0.8235294117647058,kevin_magnussen,210,haas,0.6363636363636367,0.6666666666666666,14.9375,0.0140737923164701,2.4896479886598457,6,0.0909090909090909,14.727272727272728,17,17,1.0,1.0,Medium,medium,1.421385680931161,-2.0541237336955462
139,840,2020,0.375,stroll,211,racing_point,0.5454545454545459,0.5,7.117647058823529,0.0165289256198346,3.1333978072025612,3,0.9090909090909092,7.0,16,17,0.9411764705882353,75.0,Medium,medium,-0.4795730802618864,2.0409182596835014
140,817,2020,0.2941176470588235,ricciardo,4,renault,0.6875,0.3333333333333333,7.117647058823529,0.0516528925619834,3.0310889132455348,6,0.875,6.75,17,17,1.0,119.0,Medium,high,-0.8209805520698303,1.767661917648994
141,830,2020,0.2941176470588235,max_verstappen,9,red_bull,0.5833333333333335,0.3333333333333333,6.088235294117647,0.6030595813204509,1.2555432644432802,5,1.0,2.4166666666666665,17,17,1.0,214.0,Low,high,-0.8209805520698303,3.555348061489413
142,807,2020,0.3333333333333333,hulkenberg,211,racing_point,4.0,0.0,7.117647058823529,-0.0537190082644628,0.5,6,1.0,7.5,3,17,0.17647058823529413,10.0,Low,low,-0.5108256237659907,1.9459101490553132
143,838,2016,1.0,vandoorne,1,mclaren,2.0,0.3333333333333333,10.404761904761903,0.0389016018306636,0.0,0,1.0,10.0,1,21,0.047619047619047616,1.0,Low,high,1.0986122886681098,1.0986122886681098
144,850,2020,0.5,pietro_fittipaldi,210,haas,0.5,0.3333333333333333,14.9375,-0.205020920502092,1.0,0,0.0,18.0,2,17,0.11764705882352941,0.0,Low,low,0.0,-1.6094379124341005
145,830,2021,0.1363636363636363,max_verstappen,9,red_bull,1.210526315789474,0.75,4.545454545454546,0.5947368421052632,1.7550875790034806,6,1.0,1.8421052631578947,22,22,1.0,388.5,Low,high,-1.7176514970743335,3.8066624897703205
146,846,2021,0.3181818181818182,norris,1,mclaren,0.2857142857142865,0.5,7.5,0.1174603174603175,3.0468749091516933,2,0.9523809523809524,6.619047619047619,22,22,1.0,160.0,Medium,high,-0.7259370033829362,2.629117987712701
147,844,2021,0.2727272727272727,leclerc,6,ferrari,0.1000000000000005,0.5,6.363636363636363,-0.0371428571428571,3.5128336140500593,3,0.9,6.6,22,22,1.0,159.0,High,medium,-0.9315582040049437,2.0173691130374585
148,832,2021,0.1363636363636363,sainz,6,ferrari,1.4090909090909092,1.0,6.363636363636363,-0.0214285714285714,2.388419028258119,6,0.9090909090909092,6.5,22,22,1.0,163.5,Medium,medium,-1.7176514970743335,2.104134154270207
149,817,2021,0.4090909090909091,ricciardo,1,mclaren,1.5238095238095235,0.25,7.5,-0.0793650793650793,3.490187086058799,7,0.6190476190476191,8.095238095238095,22,22,1.0,114.0,High,low,-0.3513978868378886,0.46361597935391
150,840,2021,0.5454545454545454,stroll,117,aston_martin,2.0,0.25,10.642857142857142,-0.0137760508654185,3.171898773330392,4,0.4736842105263157,10.789473684210526,22,22,1.0,34.0,High,medium,0.17435338714477763,-0.10077168982984719
151,4,2021,0.5,alonso,214,alpine,1.0999999999999996,0.75,9.142857142857142,0.0101562499999998,3.5139009661628204,7,0.75,9.05,22,22,1.0,81.0,High,medium,0.0,1.0414538748281608
152,815,2021,0.2272727272727272,perez,9,red_bull,-2.1999999999999993,1.0,4.545454545454546,-0.4519999999999998,4.8207883172775805,7,0.8,6.6,22,22,1.0,190.0,High,low,-1.1574527886910435,1.3066767331551992
153,8,2021,0.75,raikkonen,51,alfa,0.5555555555555554,0.75,12.785714285714286,0.0223463687150838,2.7131367660166177,7,0.2222222222222222,12.5,20,22,0.9090909090909091,10.0,Medium,medium,1.0360919316867758,-1.1777903183802922
154,841,2021,0.8181818181818182,giovinazzi,51,alfa,-0.1428571428571423,0.25,12.785714285714286,-0.0093109869646182,1.8491893179950092,4,0.0952380952380952,12.904761904761903,22,22,1.0,3.0,Low,medium,1.4136933353080052,-2.0620900363686365
155,854,2021,0.8636363636363636,mick_schumacher,210,haas,1.3684210526315788,0.25,16.88095238095238,0.0241259000816568,1.9020327367992265,0,0.0,16.473684210526315,22,22,1.0,0.0,Low,medium,1.717651497074333,-3.80666248977032
156,853,2021,0.9090909090909092,mazepin,210,haas,0.625,0.25,16.88095238095238,-0.0551833568406206,1.4238482187368149,0,0.0,17.8125,22,22,1.0,0.0,Low,low,2.104134154270207,-3.80666248977032
157,847,2021,0.8181818181818182,russell,3,williams,0.2352941176470597,0.25,14.075,0.1056315954445721,3.6951291234210375,2,0.2352941176470588,12.588235294117649,22,22,1.0,16.0,High,high,1.4136933353080052,-1.1157359947467014
158,849,2021,0.7727272727272727,latifi,3,williams,0.0526315789473681,0.0,14.075,-0.0731980929232495,3.1270422689500945,1,0.1052631578947368,15.105263157894736,22,22,1.0,7.0,Medium,low,1.1574527886910433,-1.9696579669053504
159,9,2021,0.5,kubica,51,alfa,2.0,0.3333333333333333,12.785714285714286,-0.1340782122905027,0.5,2,0.0,14.5,2,22,0.09090909090909091,0.0,Low,low,0.0,-1.6094379124341005
160,807,2017,0.7,hulkenberg,4,renault,-1.0,0.3333333333333333,10.305555555555555,0.0227185213708124,3.594922723474748,3,0.5714285714285714,10.071428571428571,20,20,1.0,43.0,High,medium,0.8023464725249373,0.2738067259581637
161,838,2017,0.85,vandoorne,1,mclaren,2.428571428571429,0.0,11.694444444444445,-0.0016966406515099,2.249716535431946,1,0.2142857142857142,11.714285714285714,20,20,1.0,13.0,Low,medium,1.6094379124341007,-1.2202573980904372
162,840,2019,0.7142857142857143,stroll,211,racing_point,3.3684210526315788,0.3333333333333333,10.857142857142858,-0.1101108033240996,3.3002979803349226,2,0.3157894736842105,12.052631578947368,21,21,1.0,21.0,High,low,0.8690378470236096,-0.7347069102667403
163,839,2017,0.45,ocon,10,force_india,1.5263157894736832,0.3333333333333333,7.9,-0.00599600266489,2.012426767821596,1,0.9473684210526316,7.947368421052632,20,20,1.0,87.0,Low,medium,-0.19105523676270922,2.5277604770424835
164,846,2020,0.2941176470588235,norris,1,mclaren,1.0,0.6666666666666666,7.4411764705882355,-0.0499011857707509,3.503904072602445,1,0.8125,7.8125,17,17,1.0,97.0,High,low,-0.8209805520698303,1.35618455964852
165,851,2020,0.0,aitken,3,williams,1.0,0.3333333333333333,14.941176470588236,-0.0708661417322834,0.0,0,0.0,16.0,1,17,0.058823529411764705,0.0,Low,low,-1.0986122886681098,-1.0986122886681098
166,1,2021,0.0454545454545454,hamilton,131,mercedes,0.2857142857142856,0.75,3.7045454545454546,0.2544551562956471,3.1153194731040244,7,0.9523809523809524,2.761904761904762,22,22,1.0,385.5,Medium,high,-2.6625878270254537,2.629117987712701
167,20,2021,0.7272727272727273,vettel,117,aston_martin,0.0526315789473681,0.5,10.642857142857142,-0.0385022960084775,4.019343808849849,7,0.3684210526315789,11.052631578947368,22,22,1.0,43.0,High,medium,0.9315582040049433,-0.514488631524728
168,822,2021,0.2272727272727272,bottas,131,mercedes,0.7777777777777777,0.75,3.7045454545454546,-0.3496932515337423,3.815174380753199,7,0.8333333333333334,5.0,22,22,1.0,219.0,High,low,-1.1574527886910435,1.5085119938441403
169,844,2022,0.1363636363636363,leclerc,6,ferrari,1.052631578947368,0.3333333333333333,3.380952380952381,0.0192735359525574,1.7487629185090685,4,1.0,3.3157894736842106,22,22,1.0,291.0,Low,medium,-1.7176514970743335,3.8066624897703205
170,832,2022,0.2727272727272727,sainz,6,ferrari,1.5,0.3333333333333333,3.380952380952381,-0.0352112676056338,1.5811388300841898,7,1.0,3.5,22,22,1.0,228.0,Low,medium,-0.9315582040049437,3.8066624897703205
171,1,2022,0.1363636363636363,hamilton,131,mercedes,1.2380952380952372,1.0,4.818181818181818,-0.1168014375561545,4.052937682086326,8,0.9047619047619048,5.380952380952381,22,22,1.0,233.0,High,low,-1.7176514970743335,2.062090036368636
172,847,2022,0.0909090909090909,russell,131,mercedes,0.9523809523809516,1.0,4.818181818181818,0.0907457322551661,2.5537309862460806,3,0.9523809523809524,4.380952380952381,22,22,1.0,262.0,Medium,high,-2.1041341542702074,2.629117987712701
173,825,2022,0.5909090909090909,kevin_magnussen,210,haas,-0.5,0.3333333333333333,13.428571428571429,0.0195035460992908,3.745367509040705,8,0.3333333333333333,13.166666666666666,22,22,1.0,21.0,High,medium,0.35139788683788886,-0.6607119048067913
174,822,2022,0.5,bottas,51,alfa,-0.1764705882352952,0.6666666666666666,11.523809523809524,0.0964997569275643,3.8814615732526168,8,0.5294117647058824,10.411764705882351,22,22,1.0,47.0,High,high,0.0,0.11265094892050528
175,4,2022,0.4545454545454545,alonso,214,alpine,1.3529411764705888,0.3333333333333333,8.428571428571429,-0.0259222333000996,3.833922526305958,8,0.8235294117647058,8.647058823529411,22,22,1.0,81.0,High,medium,-0.17435338714477808,1.446524116198717
176,855,2022,0.5454545454545454,zhou,51,alfa,0.352941176470587,0.3333333333333333,11.523809523809524,-0.1178901312591152,2.3734401178625903,0,0.1764705882352941,12.882352941176473,22,22,1.0,6.0,Medium,low,0.17435338714477763,-1.4465241161987172
177,854,2022,0.5909090909090909,mick_schumacher,210,haas,0.473684210526315,0.6666666666666666,13.428571428571429,-0.01511758118701,2.832341904647097,1,0.1052631578947368,13.63157894736842,22,22,1.0,12.0,Medium,medium,0.35139788683788886,-1.9696579669053504
178,840,2022,0.4090909090909091,stroll,117,aston_martin,3.3500000000000014,0.3333333333333333,11.142857142857142,-0.0275641025641025,2.376446927663229,5,0.4,11.45,22,22,1.0,18.0,Medium,medium,-0.3513978868378886,-0.38738143267486874
179,848,2022,0.5714285714285714,albon,3,williams,2.6470588235294112,0.6666666666666666,13.928571428571429,0.0835595776772246,2.2629863601966287,3,0.1764705882352941,12.764705882352942,21,22,0.9545454545454546,4.0,Low,high,0.2744368457017605,-1.4423838277709344
180,817,2022,0.3636363636363636,ricciardo,1,mclaren,0.0526315789473681,0.6666666666666666,9.61904761904762,-0.2092235539343408,3.659314378056568,8,0.3684210526315789,11.63157894736842,22,22,1.0,34.0,High,low,-0.5340824859302581,-0.514488631524728
181,846,2022,0.1818181818181818,norris,1,mclaren,0.3500000000000005,0.3333333333333333,9.61904761904762,0.189108910891089,3.0919249667480613,3,0.85,7.8,22,22,1.0,116.0,Medium,high,-1.413693335308005,1.6199092123013954
182,849,2022,0.6818181818181818,latifi,3,williams,1.6111111111111107,0.0,13.928571428571429,-0.1327635327635328,2.3227272178185414,2,0.0555555555555555,15.77777777777778,22,22,1.0,2.0,Low,low,0.7259370033829357,-2.5140477846955007
183,807,2022,0.0,hulkenberg,117,aston_martin,2.5,0.3333333333333333,11.142857142857142,-0.3012820512820513,2.5,8,0.0,14.5,2,22,0.09090909090909091,0.0,Medium,low,-1.6094379124341005,-1.6094379124341005
184,815,2022,0.1363636363636363,perez,9,red_bull,0.4500000000000002,0.3333333333333333,3.25,-0.2153846153846154,3.5982634700644147,8,0.95,3.95,22,22,1.0,291.0,High,low,-1.7176514970743335,2.5933872927820696
185,830,2022,0.0909090909090909,max_verstappen,9,red_bull,0.666666666666667,0.6666666666666666,3.25,0.1355311355311356,4.124480314958568,7,0.9523809523809524,2.8095238095238093,22,22,1.0,433.0,High,high,-2.1041341542702074,2.629117987712701
186,20,2022,0.35,vettel,117,aston_martin,1.8888888888888893,0.0,11.142857142857142,0.0527065527065526,3.166179299727779,8,0.5555555555555556,10.555555555555555,20,22,0.9090909090909091,37.0,Medium,high,-0.587786664902119,0.2124355370417375
187,815,2023,0.1363636363636363,perez,9,red_bull,3.2,0.75,2.727272727272727,-0.6500000000000001,3.442382895611701,9,0.95,4.5,22,22,1.0,260.0,High,low,-1.7176514970743335,2.5933872927820696
188,830,2023,0.0,max_verstappen,9,red_bull,1.909090909090909,1.0,2.727272727272727,0.5333333333333333,0.8624393618641034,8,1.0,1.2727272727272727,22,22,1.0,530.0,Low,high,-3.80666248977032,3.8066624897703205
189,4,2023,0.0909090909090909,alonso,117,aston_martin,0.4000000000000003,0.5,7.545454545454546,0.2578313253012049,3.246536616149585,9,0.95,5.6,22,22,1.0,198.0,High,high,-2.1041341542702074,2.5933872927820696
190,847,2023,0.1818181818181818,russell,131,mercedes,0.1052631578947362,0.25,5.590909090909091,-0.1861360718870347,3.6879680087062847,4,0.8947368421052632,6.631578947368421,22,22,1.0,157.0,High,low,-1.413693335308005,1.969657966905351
191,1,2023,0.0909090909090909,hamilton,131,mercedes,1.5,0.25,5.590909090909091,0.1235772357723576,2.046948949045872,9,1.0,4.9,22,22,1.0,217.0,Low,high,-2.1041341542702074,3.8066624897703205
192,832,2023,0.1363636363636363,sainz,6,ferrari,-0.75,1.0,5.613636363636363,-0.1222672064777328,3.5930488446443363,8,0.9,6.3,22,22,1.0,178.0,High,low,-1.7176514970743335,2.0173691130374585
193,844,2023,0.2272727272727272,leclerc,6,ferrari,0.235294117647058,0.75,5.613636363636363,0.1302691116932601,2.517757006945023,5,0.9411764705882352,4.882352941176471,22,22,1.0,185.0,Medium,high,-1.1574527886910435,2.469765273111637
194,807,2023,0.5454545454545454,hulkenberg,210,haas,-4.523809523809524,0.5,14.568181818181818,0.0193893470024514,2.6572964625340396,9,0.0476190476190476,14.285714285714286,22,22,1.0,6.0,Medium,medium,0.17435338714477763,-2.629117987712701
195,855,2023,0.4545454545454545,zhou,51,alfa,1.052631578947368,0.25,13.476190476190476,0.0040915008368979,2.391119303494853,1,0.1578947368421052,13.421052631578949,22,22,1.0,6.0,Medium,medium,-0.17435338714477808,-1.566129385343841
196,856,2023,0.7,de_vries,213,alphatauri,-1.2222222222222232,0.0,12.954545454545457,-0.1922027290448343,2.006163342807532,1,0.0,15.444444444444445,10,22,0.45454545454545453,0.0,Low,low,0.7621400520468965,-3.044522437723423
197,857,2023,0.3636363636363636,piastri,1,mclaren,-0.2105263157894743,0.25,8.522727272727273,-0.1301052631578946,4.462835142252649,0,0.5789473684210527,9.63157894736842,22,22,1.0,82.0,High,low,-0.5340824859302581,0.304388107492304
198,858,2023,0.5909090909090909,sargeant,3,williams,1.882352941176471,0.5,12.785714285714286,-0.1731843575418993,2.9104275004359965,0,0.0588235294117647,15.0,22,22,1.0,1.0,Medium,low,0.35139788683788886,-2.469765273111638
199,846,2023,0.1818181818181818,norris,1,mclaren,0.1904761904761898,0.75,8.522727272727273,0.1283809523809524,5.456070699962858,4,0.7619047619047619,7.428571428571429,22,22,1.0,184.0,High,high,-1.413693335308005,1.1013747213640188
200,822,2023,0.4545454545454545,bottas,51,alfa,-0.947368421052632,0.0,13.476190476190476,0.0079970243630277,3.436805835224107,9,0.2105263157894736,13.36842105263158,22,22,1.0,10.0,High,medium,-0.17435338714477808,-1.24762156899495
201,848,2023,0.3181818181818182,albon,3,williams,0.6666666666666679,0.5,12.785714285714286,0.1309745499689634,2.6434171674156266,4,0.3888888888888889,11.11111111111111,22,22,1.0,25.0,Medium,high,-0.7259370033829362,-0.43170273832502165
202,840,2023,0.2727272727272727,stroll,117,aston_martin,1.0,0.75,7.545454545454546,-0.2369477911646586,3.636237371545238,6,0.6666666666666666,9.333333333333334,22,22,1.0,68.0,High,low,-0.9315582040049437,0.6607119048067911
203,817,2023,0.4285714285714285,ricciardo,213,alphatauri,1.0,0.3333333333333333,12.954545454545457,0.018546365914787,2.762725657973388,9,0.1428571428571428,12.714285714285714,7,22,0.3181818181818182,6.0,Medium,medium,-0.2513144282809063,-1.4663370687934274
204,830,2024,0.0769230769230769,max_verstappen,9,red_bull,-0.25,0.0,4.0,0.4375,1.8314384146529925,9,1.0,2.25,13,13,1.0,241.0,Low,high,-2.1202635362000914,3.2958368660043296
205,815,2024,0.2307692307692307,perez,9,red_bull,0.2727272727272725,0.0,4.0,-0.4772727272727273,4.187742838647644,10,0.9090909090909092,5.909090909090909,13,13,1.0,111.0,High,low,-1.09861228866811,1.991200908235478
206,832,2024,0.0833333333333333,sainz,6,ferrari,0.2727272727272725,1.0,4.583333333333333,0.1074380165289255,1.504813214295168,9,1.0,4.090909090909091,12,13,0.9230769230769231,142.0,Low,high,-2.0368819272610406,3.2188758248682015
207,844,2024,0.1538461538461538,leclerc,6,ferrari,-0.166666666666666,0.0,4.583333333333333,-0.0545454545454545,3.6247605284885904,6,0.8333333333333334,4.833333333333333,13,13,1.0,148.0,High,low,-1.5260563034950498,1.4469189829363254
208,847,2024,0.1538461538461538,russell,131,mercedes,0.0,1.0,6.269230769230769,-0.0235173824130879,3.751851394830142,5,0.9166666666666666,6.416666666666667,13,13,1.0,110.0,High,medium,-1.5260563034950498,2.059507326779018
209,846,2024,0.0769230769230769,norris,1,mclaren,-1.2307692307692304,0.0,5.0,0.076923076923077,4.828416869684681,5,0.9230769230769232,4.615384615384615,13,13,1.0,180.0,High,high,-2.1202635362000914,2.120263536200093
210,1,2024,0.0769230769230769,hamilton,131,mercedes,1.583333333333333,1.0,6.269230769230769,0.0961145194274028,2.560381915956203,10,1.0,5.666666666666667,13,13,1.0,115.0,Medium,high,-2.1202635362000914,3.2958368660043296
211,857,2024,0.0,piastri,1,mclaren,-0.0769230769230775,1.0,5.0,-0.076923076923077,3.1753488370077374,1,0.9230769230769232,5.384615384615385,13,13,1.0,137.0,High,low,-3.295836866004329,2.120263536200093
212,4,2024,0.3076923076923077,alonso,117,aston_martin,-0.3076923076923084,0.0,10.307692307692308,0.0373134328358209,4.177992496615468,10,0.6153846153846154,9.923076923076923,13,13,1.0,45.0,High,high,-0.7472144018302209,0.4353180712578454
213,855,2024,0.8461538461538461,zhou,15,sauber,0.6666666666666661,0.0,15.384615384615383,-0.0020833333333332,2.2157893000513886,2,0.0,15.416666666666666,13,13,1.0,0.0,Low,medium,1.526056303495049,-3.295836866004329
214,825,2024,0.5384615384615384,kevin_magnussen,210,haas,2.416666666666668,1.0,11.791666666666666,-0.1166077738515901,2.939198681424733,10,0.1666666666666666,13.166666666666666,13,13,1.0,5.0,Medium,low,0.14310084364067327,-1.4469189829363258
215,817,2024,0.7692307692307693,ricciardo,215,rb,0.6363636363636367,1.0,11.875,-0.0564593301435406,2.3105936412979697,10,0.1818181818181818,12.545454545454543,13,13,1.0,6.0,Low,low,1.0986122886681098,-1.3581234841531944
216,848,2024,0.6923076923076923,albon,3,williams,-2.0,0.0,15.26086956521739,0.135042735042735,3.1559467676119,5,0.2,13.2,13,13,1.0,4.0,Medium,high,0.7472144018302214,-1.2573606777439974
217,807,2024,0.3846153846153846,hulkenberg,210,haas,1.0,1.0,11.791666666666666,0.1166077738515901,2.5967394084804805,10,0.4166666666666667,10.416666666666666,13,13,1.0,20.0,Medium,high,-0.4353180712578456,-0.3120311014620674
218,858,2024,0.8333333333333334,sargeant,3,williams,0.6999999999999993,0.0,15.26086956521739,-0.0943019943019943,2.6476404589747453,1,0.0,16.7,12,13,0.9230769230769231,0.0,Medium,low,1.4350845252893227,-3.2188758248682006
219,842,2020,0.4117647058823529,gasly,213,alphatauri,2.0,0.6666666666666666,9.294117647058824,0.1084990958408679,3.3896601479156208,3,0.7142857142857143,8.285714285714286,17,17,1.0,75.0,High,high,-0.33647223662121284,0.8586616190375185
220,839,2020,0.4705882352941176,ocon,4,renault,2.23076923076923,0.3333333333333333,7.117647058823529,-0.1671964399237128,3.047940424024454,4,0.7692307692307693,8.307692307692308,17,17,1.0,62.0,Medium,low,-0.11122563511022443,1.1215359285700472
221,839,2021,0.5909090909090909,ocon,214,alpine,1.105263157894738,0.25,9.142857142857142,-0.0016447368421052,3.422266990949234,5,0.7368421052631579,9.157894736842104,22,22,1.0,74.0,High,medium,0.35139788683788886,0.9771614469611807
222,852,2021,0.6818181818181818,tsunoda,213,alphatauri,-0.2777777777777768,0.25,9.404761904761903,-0.2464135021097045,3.555989556845613,0,0.3888888888888889,11.72222222222222,22,22,1.0,32.0,High,low,0.7259370033829357,-0.43170273832502165
223,852,2022,0.6363636363636364,tsunoda,213,alphatauri,-1.1875,0.0,12.022727272727272,-0.0864839319470698,3.2301073898556383,1,0.25,13.0625,22,22,1.0,12.0,High,low,0.5340824859302581,-1.041453874828161
224,842,2022,0.4090909090909091,gasly,213,alphatauri,-0.5789473684210531,0.3333333333333333,12.022727272727272,0.0369117500746194,2.9436066219178025,5,0.3157894736842105,11.578947368421051,22,22,1.0,23.0,Medium,high,-0.3513978868378886,-0.7363691197628608
225,839,2023,0.4090909090909091,ocon,214,alpine,0.75,0.25,9.952380952380953,0.0642942583732057,3.21556274235164,7,0.75,9.3125,22,22,1.0,56.0,High,high,-0.3513978868378886,1.0414538748281608
226,842,2023,0.1363636363636363,gasly,214,alpine,0.7142857142857153,0.5,9.952380952380953,-0.0287081339712917,3.36515423696281,6,0.5238095238095238,10.238095238095235,22,22,1.0,54.0,High,medium,-1.7176514970743335,0.09116038627871133
227,852,2023,0.3636363636363636,tsunoda,213,alphatauri,1.3499999999999996,0.5,12.954545454545457,0.0312280701754385,3.0899029110960745,2,0.3,12.55,22,22,1.0,14.0,Medium,high,-0.5340824859302581,-0.8062243251789161
228,852,2024,0.6153846153846154,tsunoda,215,rb,-1.0,0.0,11.875,0.0385964912280702,3.5697416651006493,3,0.5833333333333334,11.416666666666666,13,13,1.0,21.0,High,high,0.4353180712578454,0.31203110146206764
229,839,2024,0.6153846153846154,ocon,214,alpine,1.25,1.0,13.26923076923077,-0.017391304347826,2.7838821814150108,8,0.25,13.5,13,13,1.0,3.0,Medium,medium,0.4353180712578454,-1.0055218656020979
230,842,2024,0.6153846153846154,gasly,214,alpine,1.5,1.0,13.26923076923077,0.0504347826086957,3.039736830714133,7,0.4,12.6,13,13,1.0,6.0,Medium,high,0.4353180712578454,-0.3757893399620478
231,154,2014,0.8947368421052632,grosjean,208,lotus_f1,2.1538461538461533,0.0,13.0,0.0118343195266271,2.8513466142847137,0,0.1538461538461538,12.846153846153848,19,19,1.0,8.0,Medium,medium,1.9459101490553132,-1.5774717203716084
232,154,2020,0.6,grosjean,210,haas,-1.25,0.6666666666666666,14.9375,0.0181311018131102,2.6562295750848715,6,0.0833333333333333,14.666666666666666,15,17,0.8823529411764706,2.0,Medium,medium,0.37948962170490375,-2.0971411187792373
233,856,2022,0.0,de_vries,3,williams,-1.0,0.3333333333333333,13.928571428571429,0.3538461538461538,0.0,0,1.0,9.0,1,22,0.045454545454545456,2.0,Low,high,-1.0986122886681098,1.0986122886681098
234,822,2024,0.8461538461538461,bottas,15,sauber,-1.833333333333334,0.0,15.384615384615383,-0.0129166666666666,1.8008485654145256,10,0.0,15.583333333333334,13,13,1.0,0.0,Low,medium,1.526056303495049,-3.295836866004329
235,860,2024,0.0,bearman,6,ferrari,4.0,0.3333333333333333,4.583333333333333,-0.5272727272727273,0.0,0,1.0,7.0,1,13,0.07692307692307693,6.0,Low,low,-1.0986122886681098,1.0986122886681098
236,842,2021,0.4090909090909091,gasly,213,alphatauri,-1.1052631578947365,0.5,9.404761904761903,0.177348434377082,3.446464324998926,4,0.7894736842105263,7.736842105263157,22,22,1.0,110.0,High,high,-0.3513978868378886,1.2476215689949492
237,839,2022,0.2272727272727272,ocon,214,alpine,2.0,1.0,8.428571428571429,0.0271186440677967,2.3790754506740637,6,0.8,8.2,22,22,1.0,89.0,Medium,medium,-1.1574527886910435,1.3066767331551992
238,859,2023,0.4,lawson,213,alphatauri,1.6000000000000014,0.3333333333333333,12.954545454545457,0.0582456140350878,2.7129319932501077,0,0.2,12.2,5,22,0.22727272727272727,2.0,Medium,high,-0.33647223662121284,-1.0986122886681098
239,20,2020,0.4705882352941176,vettel,6,ferrari,1.4666666666666668,0.3333333333333333,8.866666666666667,-0.1729323308270676,2.9166190472303146,6,0.4666666666666667,10.4,17,17,1.0,33.0,Medium,low,-0.11122563511022443,-0.12609272703210073
240,825,2023,0.6818181818181818,kevin_magnussen,210,haas,-3.1111111111111107,0.25,14.568181818181818,-0.0220142139018894,2.922876986214646,9,0.1666666666666666,14.88888888888889,22,22,1.0,3.0,Medium,medium,0.7259370033829357,-1.5085119938441403
241,840,2024,0.3846153846153846,stroll,117,aston_martin,0.5833333333333339,0.0,10.307692307692308,-0.0833333333333332,3.387066905483596,7,0.5,11.166666666666666,13,13,1.0,24.0,High,low,-0.4353180712578456,0.0
242,835,2016,0.8571428571428571,jolyon_palmer,4,renault,2.8000000000000007,0.6666666666666666,14.175,-0.0017636684303349,3.0594117081556713,0,0.0666666666666666,14.2,21,21,1.0,1.0,Medium,medium,1.6650077635889113,-2.3588659288926364
