driverId,year,total_points,races_entered,dnfs,avg_grid,avg_finish,completed_races,ref,constructor
3,2014,317.0,19,2,1.7058823529411764,2.5294117647058822,16,rosberg,131
825,2014,55.0,19,1,8.833333333333334,9.38888888888889,12,kevin_magnussen,1
18,2014,126.0,19,1,8.333333333333334,7.5,13,button,1
4,2014,161.0,19,2,6.588235294117647,5.411764705882353,17,alonso,6
822,2014,186.0,19,1,5.833333333333333,5.555555555555555,17,bottas,3
807,2014,96.0,19,2,10.941176470588236,7.705882352941177,15,hulkenberg,10
8,2014,55.0,19,1,8.88888888888889,9.166666666666666,12,raikkonen,6
818,2014,22.0,19,5,11.285714285714286,10.5,10,vergne,5
826,2014,8.0,19,5,12.0,11.571428571428571,6,kvyat,5
815,2014,59.0,19,4,12.133333333333333,8.866666666666667,9,perez,10
821,2014,0.0,19,6,16.0,15.076923076923077,1,gutierrez,15
820,2014,0.0,16,3,19.53846153846154,16.153846153846153,1,chilton,206
824,2014,2.0,15,3,17.583333333333332,15.916666666666666,1,jules_bianchi,206
828,2014,0.0,16,5,20.363636363636363,17.181818181818183,1,ericsson,207
20,2014,167.0,19,3,7.5,5.0625,16,vettel,9
1,2014,384.0,19,3,4.6875,1.4375,16,hamilton,131
13,2014,134.0,19,3,7.1875,7.375,12,massa,3
817,2014,238.0,19,3,6.4375,3.75,17,ricciardo,9
827,2014,0.0,1,1,21.0,,0,lotterer,207
16,2014,0.0,19,7,13.916666666666666,14.666666666666666,2,sutil,15
813,2014,2.0,19,6,18.076923076923077,13.692307692307692,4,maldonado,208
155,2014,0.0,16,7,19.22222222222222,15.777777777777779,1,kobayashi,207
829,2014,0.0,1,0,17.0,17.0,0,stevens,207
1,2015,381.0,19,1,1.3888888888888888,1.7222222222222223,18,hamilton,131
3,2015,322.0,19,1,2.111111111111111,3.0555555555555554,17,rosberg,131
20,2015,278.0,19,1,5.444444444444445,3.3333333333333335,17,vettel,6
13,2015,121.0,19,3,7.3125,7.1875,13,massa,3
831,2015,27.0,19,3,13.5625,10.8125,8,nasr,15
817,2015,92.0,19,2,8.176470588235293,8.294117647058824,8,ricciardo,9
807,2015,58.0,19,6,9.76923076923077,8.76923076923077,6,hulkenberg,10
828,2015,9.0,19,3,14.125,12.0625,5,ericsson,15
832,2015,18.0,19,7,11.166666666666666,10.166666666666666,5,sainz,5
815,2015,78.0,19,1,10.11111111111111,8.555555555555555,8,perez,10
18,2015,16.0,19,6,14.846153846153847,12.076923076923077,5,button,1
8,2015,150.0,19,5,5.785714285714286,4.785714285714286,13,raikkonen,6
830,2015,49.0,19,4,11.2,9.8,8,max_verstappen,5
826,2015,95.0,19,3,9.75,7.5,8,kvyat,9
825,2015,0.0,1,1,17.0,,0,kevin_magnussen,1
822,2015,136.0,19,2,5.823529411764706,6.764705882352941,14,bottas,3
4,2015,11.0,18,7,16.0,12.181818181818182,3,alonso,1
829,2015,0.0,18,3,17.733333333333334,16.066666666666666,0,stevens,209
834,2015,0.0,5,0,17.8,15.4,1,rossi,209
3,2016,385.0,21,1,1.8,2.25,20,rosberg,131
1,2016,380.0,21,2,4.473684210526316,2.1052631578947367,19,hamilton,131
20,2016,212.0,21,4,6.0588235294117645,4.0588235294117645,17,vettel,6
817,2016,256.0,21,0,3.9047619047619047,4.380952380952381,20,ricciardo,9
13,2016,53.0,21,3,9.777777777777779,9.944444444444445,10,massa,3
807,2016,72.0,21,4,8.058823529411764,9.058823529411764,12,hulkenberg,10
822,2016,85.0,21,2,8.052631578947368,8.526315789473685,12,bottas,3
832,2016,46.0,21,4,11.117647058823529,10.352941176470589,8,sainz,5
830,2016,204.0,21,3,5.166666666666667,4.888888888888889,18,max_verstappen,9
835,2016,1.0,21,6,17.0,14.2,3,jolyon_palmer,4
825,2016,7.0,21,4,17.647058823529413,13.941176470588236,3,kevin_magnussen,4
815,2016,101.0,21,0,9.761904761904763,8.571428571428571,14,perez,10
18,2016,21.0,21,6,13.733333333333333,11.2,5,button,1
831,2016,2.0,21,4,18.529411764705884,15.235294117647058,1,nasr,15
828,2016,0.0,21,5,18.5625,14.9375,0,ericsson,15
8,2016,186.0,21,4,5.235294117647059,4.705882352941177,17,raikkonen,6
837,2016,0.0,12,3,19.555555555555557,18.22222222222222,0,haryanto,209
821,2016,0.0,21,5,13.8125,13.75,2,gutierrez,210
4,2016,54.0,20,3,12.294117647058824,10.176470588235293,8,alonso,1
826,2016,25.0,21,6,13.4,12.0,5,kvyat,5
1,2017,363.0,20,0,3.6,2.7,19,hamilton,131
20,2017,317.0,20,2,3.3333333333333335,2.5555555555555554,18,vettel,6
830,2017,168.0,20,7,6.846153846153846,4.230769230769231,12,max_verstappen,9
817,2017,200.0,20,6,7.5,3.4285714285714284,14,ricciardo,9
8,2017,205.0,20,3,3.9411764705882355,4.470588235294118,16,raikkonen,6
822,2017,305.0,20,1,3.3684210526315788,2.9473684210526314,19,bottas,131
832,2017,54.0,20,8,10.666666666666666,8.25,6,sainz,5
825,2017,19.0,20,5,13.533333333333333,11.466666666666667,4,kevin_magnussen,210
815,2017,100.0,20,1,9.0,7.894736842105263,10,perez,10
807,2017,43.0,20,6,9.071428571428571,10.071428571428571,6,hulkenberg,4
835,2017,8.0,16,5,14.454545454545455,12.0,3,jolyon_palmer,4
13,2017,43.0,19,2,10.529411764705882,9.352941176470589,7,massa,3
828,2017,0.0,20,6,16.928571428571427,14.785714285714286,2,ericsson,15
4,2017,17.0,19,8,13.090909090909092,11.181818181818182,3,alonso,1
826,2017,5.0,15,4,12.727272727272727,12.0,1,kvyat,5
838,2017,13.0,20,6,14.142857142857142,11.714285714285714,3,vandoorne,1
841,2017,0.0,2,1,16.0,12.0,0,giovinazzi,15
840,2017,40.0,20,4,14.125,11.1875,4,stroll,3
18,2017,0.0,1,1,20.0,,0,button,1
814,2017,0.0,1,1,19.0,,0,resta,3
843,2017,0.0,4,2,19.5,14.0,0,brendon_hartley,5
20,2018,320.0,21,1,2.95,3.15,20,vettel,6
1,2018,408.0,21,1,2.75,1.95,20,hamilton,131
8,2018,251.0,21,4,3.7058823529411766,3.235294117647059,17,raikkonen,6
817,2018,170.0,21,8,8.076923076923077,4.0,13,ricciardo,9
4,2018,50.0,21,6,13.133333333333333,10.2,5,alonso,1
830,2018,249.0,21,4,6.823529411764706,3.4705882352941178,17,max_verstappen,9
807,2018,69.0,21,7,9.857142857142858,8.071428571428571,8,hulkenberg,4
822,2018,247.0,21,2,4.368421052631579,3.8947368421052633,18,bottas,131
838,2018,12.0,21,2,16.157894736842106,12.473684210526315,5,vandoorne,1
832,2018,53.0,21,2,9.789473684210526,9.473684210526315,9,sainz,4
815,2018,62.0,21,2,11.0,9.789473684210526,11,perez,10
844,2018,39.0,21,6,12.666666666666666,10.133333333333333,7,leclerc,15
840,2018,6.0,21,2,16.263157894736842,13.842105263157896,4,stroll,3
843,2018,4.0,21,6,15.066666666666666,13.266666666666667,2,brendon_hartley,5
825,2018,56.0,21,3,10.38888888888889,10.11111111111111,9,kevin_magnussen,210
828,2018,9.0,21,4,15.882352941176471,11.882352941176471,4,ericsson,15
845,2018,1.0,21,3,16.666666666666668,14.833333333333334,2,sirotkin,3
822,2019,326.0,21,2,3.736842105263158,2.6842105263157894,18,bottas,131
1,2019,413.0,21,0,2.3333333333333335,2.380952380952381,21,hamilton,131
830,2019,278.0,21,2,4.684210526315789,3.526315789473684,19,max_verstappen,9
20,2019,240.0,21,2,4.421052631578948,5.105263157894737,16,vettel,6
844,2019,264.0,21,2,3.4210526315789473,4.2105263157894735,17,leclerc,6
825,2019,20.0,21,2,10.68421052631579,13.210526315789474,6,kevin_magnussen,210
807,2019,37.0,21,4,10.0,10.294117647058824,7,hulkenberg,4
8,2019,43.0,21,2,10.263157894736842,10.894736842105264,6,raikkonen,51
840,2019,21.0,21,2,15.421052631578947,12.052631578947368,6,stroll,211
826,2019,37.0,21,3,14.0,10.666666666666666,8,kvyat,5
846,2019,49.0,21,4,8.882352941176471,9.411764705882353,8,norris,1
815,2019,52.0,21,2,12.31578947368421,9.894736842105264,8,perez,211
848,2019,92.0,21,1,9.05,8.85,14,albon,5
841,2019,14.0,21,1,13.95,13.65,6,giovinazzi,51
847,2019,0.0,21,2,16.68421052631579,15.526315789473685,2,russell,3
9,2019,1.0,21,2,15.68421052631579,16.94736842105263,2,kubica,3
817,2019,54.0,21,6,10.133333333333333,9.4,8,ricciardo,4
832,2019,96.0,21,4,9.941176470588236,7.823529411764706,10,sainz,1
822,2020,223.0,17,1,2.375,4.3125,15,bottas,131
813,2015,27.0,19,9,12.9,9.9,7,maldonado,208
833,2015,0.0,13,1,18.416666666666668,15.5,0,merhi,209
836,2016,1.0,21,5,18.8125,16.0625,1,wehrlein,209
839,2016,0.0,9,0,20.444444444444443,17.0,1,ocon,209
839,2017,87.0,20,1,9.473684210526315,7.947368421052632,11,ocon,10
836,2017,5.0,18,3,16.4,13.866666666666667,1,wehrlein,15
842,2017,0.0,5,0,17.0,13.6,0,gasly,5
839,2018,49.0,21,6,10.6,9.2,8,ocon,10
842,2018,29.0,21,5,12.625,11.125,7,gasly,5
842,2019,95.0,21,1,9.5,8.95,9,gasly,9
154,2015,51.0,19,6,10.76923076923077,8.615384615384615,8,grosjean,208
154,2016,29.0,21,5,14.3125,11.75,6,grosjean,210
154,2017,28.0,20,3,13.235294117647058,11.0,6,grosjean,210
154,2018,37.0,21,6,10.333333333333334,10.8,6,grosjean,210
154,2019,8.0,21,6,12.066666666666666,13.4,5,grosjean,210
844,2020,98.0,17,4,8.0,7.0,10,leclerc,6
846,2020,97.0,17,1,8.8125,7.8125,12,norris,1
1,2020,347.0,16,0,1.875,1.875,16,hamilton,131
832,2020,105.0,17,3,8.571428571428571,6.785714285714286,10,sainz,1
815,2020,125.0,15,1,6.571428571428571,6.5,10,perez,211
841,2020,4.0,17,3,17.142857142857142,13.857142857142858,6,giovinazzi,51
849,2020,0.0,17,3,18.714285714285715,15.428571428571429,6,latifi,3
826,2020,32.0,17,1,11.8125,10.625,8,kvyat,213
848,2020,105.0,17,1,7.5,7.75,13,albon,9
8,2020,4.0,17,1,16.1875,13.0,6,raikkonen,51
847,2020,3.0,17,4,13.23076923076923,14.615384615384615,4,russell,3
825,2020,1.0,17,6,15.363636363636363,14.727272727272727,3,kevin_magnussen,210
840,2020,75.0,16,5,7.545454545454546,7.0,10,stroll,211
817,2020,119.0,17,1,7.4375,6.75,12,ricciardo,4
830,2020,214.0,17,5,3.0,2.4166666666666665,12,max_verstappen,9
807,2020,10.0,3,1,11.5,7.5,2,hulkenberg,211
838,2016,1.0,1,0,12.0,10.0,0,vandoorne,1
851,2020,0.0,1,0,17.0,16.0,1,aitken,3
850,2020,0.0,2,0,18.5,18.0,1,pietro_fittipaldi,210
830,2021,388.5,22,3,3.0526315789473686,1.8421052631578947,19,max_verstappen,9
1,2021,385.5,22,1,3.0476190476190474,2.761904761904762,21,hamilton,131
846,2021,160.0,22,1,6.904761904761905,6.619047619047619,15,norris,1
844,2021,159.0,22,2,6.7,6.6,16,leclerc,6
832,2021,163.5,22,0,7.909090909090909,6.5,19,sainz,6
817,2021,114.0,22,1,9.619047619047619,8.095238095238095,13,ricciardo,1
840,2021,34.0,22,3,12.789473684210526,10.789473684210526,10,stroll,117
4,2021,81.0,22,2,10.15,9.05,11,alonso,214
815,2021,190.0,22,2,4.4,6.6,17,perez,9
8,2021,10.0,20,2,13.055555555555555,12.5,5,raikkonen,51
841,2021,3.0,22,1,12.761904761904763,12.904761904761905,4,giovinazzi,51
20,2021,43.0,22,3,11.105263157894736,11.052631578947368,6,vettel,117
854,2021,0.0,22,3,17.842105263157894,16.473684210526315,3,mick_schumacher,210
853,2021,0.0,22,6,18.4375,17.8125,2,mazepin,210
822,2021,219.0,22,4,5.777777777777778,5.0,17,bottas,131
847,2021,16.0,22,5,12.823529411764707,12.588235294117647,4,russell,3
849,2021,7.0,22,3,15.157894736842104,15.105263157894736,5,latifi,3
9,2021,0.0,2,0,16.5,14.5,1,kubica,51
844,2022,291.0,22,3,4.368421052631579,3.3157894736842106,19,leclerc,6
832,2022,228.0,22,6,5.0,3.5,16,sainz,6
1,2022,233.0,22,1,6.619047619047619,5.380952380952381,19,hamilton,131
847,2022,262.0,22,1,5.333333333333333,4.380952380952381,20,russell,131
825,2022,21.0,22,4,12.666666666666666,13.166666666666666,9,kevin_magnussen,210
822,2022,47.0,22,5,10.235294117647058,10.411764705882353,11,bottas,51
4,2022,81.0,22,5,10.0,8.647058823529411,12,alonso,214
855,2022,6.0,22,5,13.235294117647058,12.882352941176471,10,zhou,51
854,2022,12.0,22,3,14.105263157894736,13.631578947368421,9,mick_schumacher,210
840,2022,18.0,22,2,14.8,11.45,13,stroll,117
848,2022,4.0,21,4,15.411764705882353,12.764705882352942,9,albon,3
817,2022,34.0,22,3,11.68421052631579,11.631578947368421,14,ricciardo,1
846,2022,116.0,22,2,8.15,7.8,18,norris,1
849,2022,2.0,22,4,17.38888888888889,15.777777777777779,7,latifi,3
807,2022,0.0,2,0,17.0,14.5,2,hulkenberg,117
815,2022,291.0,22,2,4.4,3.95,19,perez,9
830,2022,433.0,22,1,3.4761904761904763,2.8095238095238093,20,max_verstappen,9
20,2022,37.0,20,2,12.444444444444445,10.555555555555555,13,vettel,117
856,2022,2.0,1,0,8.0,9.0,1,de_vries,3
815,2023,260.0,22,2,7.7,4.5,19,perez,9
830,2023,530.0,22,0,3.1818181818181817,1.2727272727272727,22,max_verstappen,9
4,2023,198.0,22,2,6.0,5.6,20,alonso,117
847,2023,157.0,22,3,6.7368421052631575,6.631578947368421,18,russell,131
1,2023,217.0,22,2,6.4,4.9,20,hamilton,131
832,2023,178.0,22,2,5.55,6.3,19,sainz,6
844,2023,185.0,22,5,5.117647058823529,4.882352941176471,17,leclerc,6
825,2023,3.0,22,4,11.777777777777779,14.88888888888889,7,kevin_magnussen,210
807,2023,6.0,22,1,9.761904761904763,14.285714285714286,10,hulkenberg,210
855,2023,6.0,22,3,14.473684210526315,13.421052631578947,12,zhou,51
856,2023,0.0,10,1,14.222222222222221,15.444444444444445,3,de_vries,213
858,2023,1.0,22,5,16.88235294117647,15.0,9,sargeant,3
846,2023,184.0,22,1,7.619047619047619,7.428571428571429,18,norris,1
822,2023,10.0,22,3,12.421052631578947,13.368421052631579,12,bottas,51
848,2023,25.0,22,4,11.777777777777779,11.11111111111111,15,albon,3
840,2023,68.0,22,4,10.333333333333334,9.333333333333334,16,stroll,117
817,2023,6.0,7,0,13.714285714285714,12.714285714285714,4,ricciardo,213
830,2024,241.0,13,1,2.0,2.25,12,max_verstappen,9
815,2024,111.0,13,2,6.181818181818182,5.909090909090909,10,perez,9
832,2024,142.0,12,1,4.363636363636363,4.090909090909091,11,sainz,6
844,2024,148.0,13,1,4.666666666666667,4.833333333333333,11,leclerc,6
847,2024,110.0,13,1,6.416666666666667,6.416666666666667,11,russell,131
846,2024,180.0,13,0,3.3846153846153846,4.615384615384615,12,norris,1
1,2024,115.0,13,1,7.25,5.666666666666667,12,hamilton,131
857,2024,137.0,13,0,5.3076923076923075,5.384615384615385,13,piastri,1
4,2024,45.0,13,0,9.615384615384615,9.923076923076923,9,alonso,117
855,2024,0.0,13,1,16.083333333333332,15.416666666666666,2,zhou,15
825,2024,5.0,13,1,15.583333333333334,13.166666666666666,6,kevin_magnussen,210
817,2024,6.0,13,2,13.181818181818182,12.545454545454545,3,ricciardo,215
848,2024,4.0,13,3,11.2,13.2,4,albon,3
807,2024,20.0,13,1,11.416666666666666,10.416666666666666,8,hulkenberg,210
822,2024,0.0,13,1,13.75,15.583333333333334,2,bottas,15
858,2024,0.0,12,2,17.4,16.7,2,sargeant,3
860,2024,6.0,1,0,11.0,7.0,1,bearman,6
842,2020,75.0,17,3,10.285714285714286,8.285714285714286,10,gasly,213
839,2020,62.0,17,4,10.538461538461538,8.307692307692308,9,ocon,4
842,2021,110.0,22,3,6.631578947368421,7.7368421052631575,13,gasly,213
839,2021,74.0,22,3,10.263157894736842,9.157894736842104,9,ocon,214
852,2021,32.0,22,4,11.444444444444445,11.722222222222221,7,tsunoda,213
839,2022,89.0,22,2,10.2,8.2,17,ocon,214
852,2022,12.0,22,6,11.875,13.0625,8,tsunoda,213
842,2022,23.0,22,3,11.0,11.578947368421053,13,gasly,213
839,2023,56.0,22,6,10.0625,9.3125,13,ocon,214
842,2023,54.0,22,1,10.952380952380953,10.238095238095237,19,gasly,214
852,2023,14.0,22,2,13.9,12.55,14,tsunoda,213
859,2023,2.0,5,0,13.8,12.2,3,lawson,213
852,2024,21.0,13,1,10.416666666666666,11.416666666666666,5,tsunoda,215
839,2024,3.0,13,1,14.75,13.5,5,ocon,214
842,2024,6.0,13,3,14.1,12.6,5,gasly,214
154,2020,2.0,15,3,13.416666666666666,14.666666666666666,6,grosjean,210
20,2020,33.0,17,2,11.866666666666667,10.4,9,vettel,6
857,2023,82.0,22,3,9.421052631578947,9.631578947368421,14,piastri,1
840,2024,24.0,13,1,11.75,11.166666666666666,8,stroll,117
154,2014,8.0,19,6,15.0,12.846153846153847,2,grosjean,208
